METHODES;Genre;EPITHETE;CIRCONFERENCE EN CM;DIAMETRE EN CM;Altitude en m;groupe;espece;Height;volume_en_m3;BasalArea;WoodDensity;Superficie_ha
P1;Agauria;salicifolia;34;10,82802548;2350;Placeau;Agauria salicifolia;6,33;57,44;0,01;0,49;2
P1;Agauria;salicifolia;31;9,872611465;2350;Placeau;Agauria salicifolia;5,74;43,3;0,01;0,49;2
P1;Agauria;salicifolia;39;12,42038217;2350;Placeau;Agauria salicifolia;7,26;86,68;0,01;0,49;2
P1;Agauria;salicifolia;39;12,42038217;2350;Placeau;Agauria salicifolia;7,26;86,68;0,01;0,49;2
P1;Agauria;salicifolia;36;11,46496815;2350;Placeau;Agauria salicifolia;6,71;68,26;0,01;0,49;2
P1;Agauria;salicifolia;40;12,7388535;2350;Placeau;Agauria salicifolia;7,44;93,45;0,01;0,49;2
P1;Agauria;salicifolia;61;19,42675159;2350;Placeau;Agauria salicifolia;10,78;314,88;0,03;0,49;2
P1;Agauria;salicifolia;51;16,24203822;2350;Placeau;Agauria salicifolia;9,29;189,68;0,02;0,49;2
P1;Agauria;salicifolia;49;15,60509554;2350;Placeau;Agauria salicifolia;8,97;169,07;0,02;0,49;2
P1;Agauria;salicifolia;39;12,42038217;2350;Placeau;Agauria salicifolia;7,26;86,68;0,01;0,49;2
P1;Agauria;salicifolia;40;12,7388535;2350;Placeau;Agauria salicifolia;7,44;93,45;0,01;0,49;2
P1;Agauria;salicifolia;37;11,78343949;2350;Placeau;Agauria salicifolia;6,89;74,04;0,01;0,49;2
P1;Agauria;salicifolia;132;42,03821656;2350;Placeau;Agauria salicifolia;17,52;2396,36;0,14;0,49;2
P1;Agauria;salicifolia;76;24,20382166;2350;Placeau;Agauria salicifolia;12,7;575,84;0,05;0,49;2
P1;Agauria;salicifolia;54;17,19745223;2350;Placeau;Agauria salicifolia;9,76;223,41;0,02;0,49;2
P1;Agauria;salicifolia;48;15,2866242;2350;Placeau;Agauria salicifolia;8,81;159,34;0,02;0,49;2
P1;Agauria;salicifolia;136;43,31210191;2350;Placeau;Agauria salicifolia;17,76;2578,64;0,15;0,49;2
P1;Agauria;salicifolia;66;21,01910828;2350;Placeau;Agauria salicifolia;11,46;391,87;0,03;0,49;2
P1;Agauria;salicifolia;36;11,46496815;2350;Placeau;Agauria salicifolia;6,71;68,26;0,01;0,49;2
P1;Agauria;salicifolia;35;11,14649682;2350;Placeau;Agauria salicifolia;6,52;62,7;0,01;0,49;2
P1;Agauria;salicifolia;39;12,42038217;2350;Placeau;Agauria salicifolia;7,26;86,68;0,01;0,49;2
P1;Agauria;salicifolia;35;11,14649682;2350;Placeau;Agauria salicifolia;6,52;62,7;0,01;0,49;2
P1;Agauria;salicifolia;38;12,10191083;2350;Placeau;Agauria salicifolia;7,08;80,25;0,01;0,49;2
P1;Agauria;salicifolia;46;14,64968153;2350;Placeau;Agauria salicifolia;8,48;140,86;0,02;0,49;2
P1;Agauria;salicifolia;70;22,29299363;2350;Placeau;Agauria salicifolia;11,97;460,43;0,04;0,49;2
P1;Agauria;salicifolia;132;42,03821656;2350;Placeau;Agauria salicifolia;17,52;2396,36;0,14;0,49;2
P1;Agauria;salicifolia;68;21,65605096;2350;Placeau;Agauria salicifolia;11,72;425,42;0,04;0,49;2
P1;Agauria;salicifolia;78;24,84076433;2350;Placeau;Agauria salicifolia;12,94;618,01;0,05;0,49;2
P1;Agauria;salicifolia;62;19,74522293;2350;Placeau;Agauria salicifolia;10,92;329,52;0,03;0,49;2
P1;Agauria;salicifolia;54;17,19745223;2350;Placeau;Agauria salicifolia;9,76;223,41;0,02;0,49;2
P1;Agauria;salicifolia;68;21,65605096;2350;Placeau;Agauria salicifolia;11,72;425,42;0,04;0,49;2
P1;Agauria;salicifolia;85;27,07006369;2350;Placeau;Agauria salicifolia;13,71;777,58;0,06;0,49;2
P1;Agauria;salicifolia;45;14,33121019;2350;Placeau;Agauria salicifolia;8,31;132,1;0,02;0,49;2
P1;Hagenia;abyssinica;74;23,56687898;2350;Placeau;Hagenia abyssinica;12,47;536,04;0,04;0,57;2
P1;Hagenia;abyssinica;86;27,38853503;2350;Placeau;Hagenia abyssinica;13,81;801,79;0,06;0,57;2
P1;Hagenia;abyssinica;93;29,61783439;2350;Placeau;Hagenia abyssinica;14,51;985,15;0,07;0,57;2
P1;Hagenia;abyssinica;42;13,37579618;2350;Placeau;Hagenia abyssinica;7,8;108,01;0,01;0,57;2
P1;Hagenia;abyssinica;54;17,19745223;2350;Placeau;Hagenia abyssinica;9,76;223,41;0,02;0,57;2
P1;Hagenia;abyssinica;60;19,10828025;2350;Placeau;Hagenia abyssinica;10,64;300,69;0,03;0,57;2
P1;Hagenia;abyssinica;75;23,88535032;2350;Placeau;Hagenia abyssinica;12,58;555,49;0,04;0,57;2
P1;Hagenia;abyssinica;47;14,96815287;2350;Placeau;Hagenia abyssinica;8,65;150;0,02;0,57;2
P1;Hagenia;abyssinica;55;17,51592357;2350;Placeau;Hagenia abyssinica;9,91;235,33;0,02;0,57;2
P1;Ardisia;japonica;68;21,65605096;2350;Placeau;Ardisia japonica;11,72;425,42;0,04;0,59;2
P1;Ardisia;japonica;43;13,69426752;2350;Placeau;Ardisia japonica;7,97;115,68;0,01;0,59;2
P1;Ardisia;japonica;43;13,69426752;2350;Placeau;Ardisia japonica;7,97;115,68;0,01;0,59;2
P1;Ardisia;japonica;51;16,24203822;2350;Placeau;Ardisia japonica;9,29;189,68;0,02;0,59;2
P1;Ardisia;japonica;38;12,10191083;2350;Placeau;Ardisia japonica;7,08;80,25;0,01;0,59;2
P1;Ardisia;japonica;45;14,33121019;2350;Placeau;Ardisia japonica;8,31;132,1;0,02;0,59;2
P1;Ardisia;japonica;41;13,05732484;2350;Placeau;Ardisia japonica;7,62;100,55;0,01;0,59;2
P1;Ardisia;japonica;41;13,05732484;2350;Placeau;Ardisia japonica;7,62;100,55;0,01;0,59;2
P1;Hagenia;abyssinica;73;23,24840764;2350;Placeau;Hagenia abyssinica;12,34;516,21;0,04;0,57;2
P1;Hagenia;abyssinica;90;28,66242038;2350;Placeau;Hagenia abyssinica;14,22;904,18;0,06;0,57;2
P1;Hagenia;abyssinica;59;18,78980892;2350;Placeau;Hagenia abyssinica;10,49;286,65;0,03;0,57;2
P1;Hagenia;abyssinica;66;21,01910828;2350;Placeau;Hagenia abyssinica;11,46;391,87;0,03;0,57;2
P1;Hagenia;abyssinica;73;23,24840764;2350;Placeau;Hagenia abyssinica;12,34;516,21;0,04;0,57;2
P1;Hagenia;abyssinica;67;21,33757962;2350;Placeau;Hagenia abyssinica;11,59;408,42;0,04;0,57;2
P1;Hagenia;abyssinica;82;26,11464968;2350;Placeau;Hagenia abyssinica;13,38;706,24;0,05;0,57;2
P1;Hagenia;abyssinica;82;26,11464968;2350;Placeau;Hagenia abyssinica;13,38;706,24;0,05;0,57;2
P1;Hagenia;abyssinica;62;19,74522293;2350;Placeau;Hagenia abyssinica;10,92;329,52;0,03;0,57;2
P1;Hagenia;abyssinica;72;22,92993631;2350;Placeau;Hagenia abyssinica;12,22;497,29;0,04;0,57;2
P1;Hagenia;abyssinica;52;16,56050955;2350;Placeau;Hagenia abyssinica;9,45;200,59;0,02;0,57;2
P1;Hagenia;abyssinica;53;16,87898089;2350;Placeau;Hagenia abyssinica;9,6;211,69;0,02;0,57;2
P1;Hagenia;abyssinica;73;23,24840764;2350;Placeau;Hagenia abyssinica;12,34;516,21;0,04;0,57;2
P1;Hagenia;abyssinica;81;25,79617834;2350;Placeau;Hagenia abyssinica;13,27;683,46;0,05;0,57;2
P1;Hagenia;abyssinica;93;29,61783439;2350;Placeau;Hagenia abyssinica;14,51;985,15;0,07;0,57;2
P1;Hagenia;abyssinica;81;25,79617834;2350;Placeau;Hagenia abyssinica;13,27;683,46;0,05;0,57;2
P1;Hagenia;abyssinica;82;26,11464968;2350;Placeau;Hagenia abyssinica;13,38;706,24;0,05;0,57;2
P1;Hagenia;abyssinica;89;28,34394904;2350;Placeau;Hagenia abyssinica;14,12;877,98;0,06;0,57;2
P1;Hagenia;abyssinica;110;35,03184713;2350;Placeau;Hagenia abyssinica;15,99;1518,81;0,1;0,57;2
P1;Hagenia;abyssinica;116;36,94267516;2350;Placeau;Hagenia abyssinica;16,45;1737,61;0,11;0,57;2
P1;Hagenia;abyssinica;34;10,82802548;2350;Placeau;Hagenia abyssinica;6,33;57,44;0,01;0,57;2
P1;Hagenia;abyssinica;57;18,15286624;2350;Placeau;Hagenia abyssinica;10,2;260,15;0,03;0,57;2
P1;Hagenia;abyssinica;86;27,38853503;2350;Placeau;Hagenia abyssinica;13,81;801,79;0,06;0,57;2
P1;Hagenia;abyssinica;53;16,87898089;2350;Placeau;Hagenia abyssinica;9,6;211,69;0,02;0,57;2
P1;Hagenia;abyssinica;84;26,75159236;2350;Placeau;Hagenia abyssinica;13,6;753,3;0,06;0,57;2
P1;Hagenia;abyssinica;98;31,21019108;2350;Placeau;Hagenia abyssinica;14,98;1129,36;0,08;0,57;2
P1;Hagenia;abyssinica;149;47,4522293;2350;Placeau;Hagenia abyssinica;18,46;3217,17;0,18;0,57;2
P1;Hagenia;abyssinica;130;41,40127389;2350;Placeau;Hagenia abyssinica;17,4;2308,37;0,13;0,57;2
P1;Hagenia;abyssinica;100;31,84713376;2350;Placeau;Hagenia abyssinica;15,16;1190,06;0,08;0,57;2
P1;Hagenia;abyssinica;68;21,65605096;2350;Placeau;Hagenia abyssinica;11,72;425,42;0,04;0,57;2
P1;Hagenia;abyssinica;47;14,96815287;2350;Placeau;Hagenia abyssinica;8,65;150;0,02;0,57;2
P1;Hagenia;abyssinica;45;14,33121019;2350;Placeau;Hagenia abyssinica;8,31;132,1;0,02;0,57;2
P1;Hagenia;abyssinica;41;13,05732484;2350;Placeau;Hagenia abyssinica;7,62;100,55;0,01;0,57;2
P1;Hagenia;abyssinica;47;14,96815287;2350;Placeau;Hagenia abyssinica;8,65;150;0,02;0,57;2
P1;Hagenia;abyssinica;89;28,34394904;2350;Placeau;Hagenia abyssinica;14,12;877,98;0,06;0,57;2
P1;Hagenia;abyssinica;57;18,15286624;2350;Placeau;Hagenia abyssinica;10,2;260,15;0,03;0,57;2
P1;Hagenia;abyssinica;66;21,01910828;2350;Placeau;Hagenia abyssinica;11,46;391,87;0,03;0,57;2
P1;Hagenia;abyssinica;96;30,57324841;2350;Placeau;Hagenia abyssinica;14,8;1070,71;0,07;0,57;2
P1;Hagenia;abyssinica;85;27,07006369;2350;Placeau;Hagenia abyssinica;13,71;777,58;0,06;0,57;2
P1;Hagenia;abyssinica;93;29,61783439;2350;Placeau;Hagenia abyssinica;14,51;985,15;0,07;0,57;2
P1;Hagenia;abyssinica;128;40,76433121;2350;Placeau;Hagenia abyssinica;17,27;2221,17;0,13;0,57;2
P1;Hagenia;abyssinica;66;21,01910828;2350;Placeau;Hagenia abyssinica;11,46;391,87;0,03;0,57;2
P1;Hagenia;abyssinica;101;32,1656051;2350;Placeau;Hagenia abyssinica;15,25;1221,19;0,08;0,57;2
P1;Hagenia;abyssinica;125;39,8089172;2350;Placeau;Hagenia abyssinica;17,08;2094,97;0,12;0,57;2
P1;Hagenia;abyssinica;72;22,92993631;2350;Placeau;Hagenia abyssinica;12,22;497,29;0,04;0,57;2
P1;Hagenia;abyssinica;67;21,33757962;2350;Placeau;Hagenia abyssinica;11,59;408,42;0,04;0,57;2
P1;Hagenia;abyssinica;80;25,47770701;2350;Placeau;Hagenia abyssinica;13,16;661,16;0,05;0,57;2
P1;Hagenia;abyssinica;65;20,70063694;2350;Placeau;Hagenia abyssinica;11,32;375,44;0,03;0,57;2
P1;Hagenia;abyssinica;99;31,52866242;2350;Placeau;Hagenia abyssinica;15,07;1159,45;0,08;0,57;2
P1;Hagenia;abyssinica;123;39,17197452;2350;Placeau;Hagenia abyssinica;16,94;2011,84;0,12;0,57;2
P1;Hagenia;abyssinica;89;28,34394904;2350;Placeau;Hagenia abyssinica;14,12;877,98;0,06;0,57;2
P1;Hagenia;abyssinica;147;46,81528662;2350;Placeau;Hagenia abyssinica;18,36;3114,42;0,17;0,57;2
P1;Hagenia;abyssinica;69;21,97452229;2350;Placeau;Hagenia abyssinica;11,85;442,88;0,04;0,57;2
P1;Hagenia;abyssinica;63;20,06369427;2350;Placeau;Hagenia abyssinica;11,05;344,28;0,03;0,57;2
P1;Hagenia;abyssinica;85;27,07006369;2350;Placeau;Hagenia abyssinica;13,71;777,58;0,06;0,57;2
P1;Hagenia;abyssinica;67;21,33757962;2350;Placeau;Hagenia abyssinica;11,59;408,42;0,04;0,57;2
P1;Hagenia;abyssinica;65;20,70063694;2350;Placeau;Hagenia abyssinica;11,32;375,44;0,03;0,57;2
P1;Hagenia;abyssinica;95;30,25477707;2350;Placeau;Hagenia abyssinica;14,7;1041,44;0,07;0,57;2
P1;Hagenia;abyssinica;87;27,70700637;2350;Placeau;Hagenia abyssinica;13,91;826,49;0,06;0,57;2
P1;Hagenia;abyssinica;58;18,47133758;2350;Placeau;Hagenia abyssinica;10,35;273,32;0,03;0,57;2
P1;Hagenia;abyssinica;83;26,43312102;2350;Placeau;Hagenia abyssinica;13,49;729,52;0,05;0,57;2
P1;Hagenia;abyssinica;101;32,1656051;2350;Placeau;Hagenia abyssinica;15,25;1221,19;0,08;0,57;2
P1;Hagenia;abyssinica;110;35,03184713;2350;Placeau;Hagenia abyssinica;15,99;1518,81;0,1;0,57;2
P1;Hagenia;abyssinica;63;20,06369427;2350;Placeau;Hagenia abyssinica;11,05;344,28;0,03;0,57;2
P1;Hagenia;abyssinica;112;35,66878981;2350;Placeau;Hagenia abyssinica;16,15;1590,3;0,1;0,57;2
P1;Hagenia;abyssinica;38;12,10191083;2350;Placeau;Hagenia abyssinica;7,08;80,25;0,01;0,57;2
P1;Hagenia;abyssinica;58;18,47133758;2350;Placeau;Hagenia abyssinica;10,35;273,32;0,03;0,57;2
P1;Hagenia;abyssinica;98;31,21019108;2350;Placeau;Hagenia abyssinica;14,98;1129,36;0,08;0,57;2
P1;Hagenia;abyssinica;61;19,42675159;2350;Placeau;Hagenia abyssinica;10,78;314,88;0,03;0,57;2
P1;Hagenia;abyssinica;63;20,06369427;2350;Placeau;Hagenia abyssinica;11,05;344,28;0,03;0,57;2
P1;Hagenia;abyssinica;82;26,11464968;2350;Placeau;Hagenia abyssinica;13,38;706,24;0,05;0,57;2
P1;Hagenia;abyssinica;104;33,12101911;2350;Placeau;Hagenia abyssinica;15,51;1316,89;0,09;0,57;2
P1;Hagenia;abyssinica;77;24,52229299;2350;Placeau;Hagenia abyssinica;12,82;596,68;0,05;0,57;2
P1;Hagenia;abyssinica;88;28,02547771;2350;Placeau;Hagenia abyssinica;14,02;852,28;0,06;0,57;2
P1;Hagenia;abyssinica;55;17,51592357;2350;Placeau;Hagenia abyssinica;9,91;235,33;0,02;0,57;2
P1;Hagenia;abyssinica;78;24,84076433;2350;Placeau;Hagenia abyssinica;12,94;618,01;0,05;0,57;2
P1;Hagenia;abyssinica;64;20,38216561;2350;Placeau;Hagenia abyssinica;11,19;359,8;0,03;0,57;2
P1;Hagenia;abyssinica;98;31,21019108;2350;Placeau;Hagenia abyssinica;14,98;1129,36;0,08;0,57;2
P1;Hagenia;abyssinica;112;35,66878981;2350;Placeau;Hagenia abyssinica;16,15;1590,3;0,1;0,57;2
P1;Hagenia;abyssinica;100;31,84713376;2350;Placeau;Hagenia abyssinica;15,16;1190,06;0,08;0,57;2
P1;Hagenia;abyssinica;105;33,43949045;2350;Placeau;Hagenia abyssinica;15,59;1349,26;0,09;0,57;2
P1;Hagenia;abyssinica;86;27,38853503;2350;Placeau;Hagenia abyssinica;13,81;801,79;0,06;0,57;2
P1;Hagenia;abyssinica;90;28,66242038;2350;Placeau;Hagenia abyssinica;14,22;904,18;0,06;0,57;2
P1;Hagenia;abyssinica;104;33,12101911;2350;Placeau;Hagenia abyssinica;15,51;1316,89;0,09;0,57;2
P1;Hagenia;abyssinica;81;25,79617834;2350;Placeau;Hagenia abyssinica;13,27;683,46;0,05;0,57;2
P1;Hagenia;abyssinica;78;24,84076433;2350;Placeau;Hagenia abyssinica;12,94;618,01;0,05;0,57;2
P1;Hagenia;abyssinica;82;26,11464968;2350;Placeau;Hagenia abyssinica;13,38;706,24;0,05;0,57;2
P1;Hagenia;abyssinica;79;25,15923567;2350;Placeau;Hagenia abyssinica;13,05;639,34;0,05;0,57;2
P1;Hagenia;abyssinica;129;41,08280255;2350;Placeau;Hagenia abyssinica;17,34;2265,16;0,13;0,57;2
P1;Hagenia;abyssinica;155;49,36305732;2350;Placeau;Hagenia abyssinica;18,75;3536,18;0,19;0,57;2
P1;Hagenia;abyssinica;107;34,07643312;2350;Placeau;Hagenia abyssinica;15,75;1415,53;0,09;0,57;2
P1;Macaranga;neomildbraediana;37;11,78343949;2350;Placeau;Macaranga neomildbraediana;6,89;74,04;0,01;0,38;2
P1;Macaranga;neomildbraediana;40;12,7388535;2350;Placeau;Macaranga neomildbraediana;7,44;93,45;0,01;0,38;2
P1;Macaranga;neomildbraediana;37;11,78343949;2350;Placeau;Macaranga neomildbraediana;6,89;74,04;0,01;0,38;2
P1;Macaranga;neomildbraediana;48;15,2866242;2350;Placeau;Macaranga neomildbraediana;8,81;159,34;0,02;0,38;2
P1;Macaranga;neomildbraediana;38;12,10191083;2350;Placeau;Macaranga neomildbraediana;7,08;80,25;0,01;0,38;2
P1;Macaranga;neomildbraediana;164;52,22929936;2350;Placeau;Macaranga neomildbraediana;19,14;4041,1;0,21;0,38;2
P1;Macaranga;neomildbraediana;73;23,24840764;2350;Placeau;Macaranga neomildbraediana;12,34;516,21;0,04;0,38;2
P1;Macaranga;neomildbraediana;88;28,02547771;2350;Placeau;Macaranga neomildbraediana;14,02;852,28;0,06;0,38;2
P1;Macaranga;neomildbraediana;63;20,06369427;2350;Placeau;Macaranga neomildbraediana;11,05;344,28;0,03;0,38;2
P1;Macaranga;neomildbraediana;98;31,21019108;2350;Placeau;Macaranga neomildbraediana;14,98;1129,36;0,08;0,38;2
P1;Macaranga;neomildbraediana;128;40,76433121;2350;Placeau;Macaranga neomildbraediana;17,27;2221,17;0,13;0,38;2
P1;Macaranga;neomildbraediana;80;25,47770701;2350;Placeau;Macaranga neomildbraediana;13,16;661,16;0,05;0,38;2
P1;Macaranga;neomildbraediana;77;24,52229299;2350;Placeau;Macaranga neomildbraediana;12,82;596,68;0,05;0,38;2
P1;Macaranga;neomildbraediana;46;14,64968153;2350;Placeau;Macaranga neomildbraediana;8,48;140,86;0,02;0,38;2
P1;Macaranga;neomildbraediana;63;20,06369427;2350;Placeau;Macaranga neomildbraediana;11,05;344,28;0,03;0,38;2
P1;Macaranga;neomildbraediana;83;26,43312102;2350;Placeau;Macaranga neomildbraediana;13,49;729,52;0,05;0,38;2
P1;Macaranga;neomildbraediana;74;23,56687898;2350;Placeau;Macaranga neomildbraediana;12,47;536,04;0,04;0,38;2
P1;Macaranga;neomildbraediana;49;15,60509554;2350;Placeau;Macaranga neomildbraediana;8,97;169,07;0,02;0,38;2
P1;Macaranga;neomildbraediana;73;23,24840764;2350;Placeau;Macaranga neomildbraediana;12,34;516,21;0,04;0,38;2
P1;Maessa;lanceolata;93;29,61783439;2350;Placeau;Maessa lanceolata;14,51;985,15;0,07;0,49;2
P1;Maessa;lanceolata;59;18,78980892;2350;Placeau;Maessa lanceolata;10,49;286,65;0,03;0,49;2
P1;Maessa;lanceolata;61;19,42675159;2350;Placeau;Maessa lanceolata;10,78;314,88;0,03;0,49;2
P1;Nuxia;congesta;80;25,47770701;2350;Placeau;Nuxia congesta;13,16;661,16;0,05;0,68;2
P1;Polyscias;fulva;95;30,25477707;2350;Placeau;Polyscias fulva;14,7;1041,44;0,07;0,24;2
P1;Polyscias;fulva;113;35,98726115;2350;Placeau;Polyscias fulva;16,23;1626,84;0,1;0,24;2
P1;Syzygium;sp;37;11,78343949;2350;Placeau;Syzygium sp;6,89;74,04;0,01;0,68;2
P1;Syzygium;sp;40;12,7388535;2350;Placeau;Syzygium sp;7,44;93,45;0,01;0,68;2
P1;Syzygium;sp;43;13,69426752;2350;Placeau;Syzygium sp;7,97;115,68;0,01;0,68;2
P1;Syzygium;sp;49;15,60509554;2350;Placeau;Syzygium sp;8,97;169,07;0,02;0,68;2
P1;Syzygium;sp;78;24,84076433;2350;Placeau;Syzygium sp;12,94;618,01;0,05;0,68;2
P1;Syzygium;sp;47;14,96815287;2350;Placeau;Syzygium sp;8,65;150;0,02;0,68;2
P1;Syzygium;sp;42;13,37579618;2350;Placeau;Syzygium sp;7,8;108,01;0,01;0,68;2
P1;Syzygium;sp;98;31,21019108;2350;Placeau;Syzygium sp;14,98;1129,36;0,08;0,68;2
P2;Agauria;salicifolia;93;29,61783439;2450;Placeau;Agauria salicifolia;10,51;713,57;0,07;0,49;2
P2;Agauria;salicifolia;53;16,87898089;2450;Placeau;Agauria salicifolia;8,09;178,39;0,02;0,49;2
P2;Agauria;salicifolia;106;33,75796178;2450;Placeau;Agauria salicifolia;10,97;967,58;0,09;0,49;2
P2;Agauria;salicifolia;50;15,92356688;2450;Placeau;Agauria salicifolia;7,8;153,08;0,02;0,49;2
P2;Agauria;salicifolia;55;17,51592357;2450;Placeau;Agauria salicifolia;8,28;196,62;0,02;0,49;2
P2;Agauria;salicifolia;64;20,38216561;2450;Placeau;Agauria salicifolia;8,99;289,06;0,03;0,49;2
P2;Agauria;salicifolia;63;20,06369427;2450;Placeau;Agauria salicifolia;8,92;277,92;0,03;0,49;2
P2;Agauria;salicifolia;70;22,29299363;2450;Placeau;Agauria salicifolia;9,38;360,8;0,04;0,49;2
P2;Agauria;salicifolia;124;39,49044586;2450;Placeau;Agauria salicifolia;11,46;1383,24;0,12;0,49;2
P2;Agauria;salicifolia;89;28,34394904;2450;Placeau;Agauria salicifolia;10,35;643,56;0,06;0,49;2
P2;Agauria;salicifolia;56;17,8343949;2450;Placeau;Agauria salicifolia;8,36;205,8;0,02;0,49;2
P2;Agauria;salicifolia;30;9,554140127;2450;Placeau;Agauria salicifolia;4,89;34,55;0,01;0,49;2
P2;Agauria;salicifolia;81;25,79617834;2450;Placeau;Agauria salicifolia;9,99;514,52;0,05;0,49;2
P2;Agauria;salicifolia;73;23,24840764;2450;Placeau;Agauria salicifolia;9,56;399,92;0,04;0,49;2
P2;Agauria;salicifolia;55;17,51592357;2450;Placeau;Agauria salicifolia;8,28;196,62;0,02;0,49;2
P2;Agauria;salicifolia;52;16,56050955;2450;Placeau;Agauria salicifolia;8;169,81;0,02;0,49;2
P2;Agauria;salicifolia;58;18,47133758;2450;Placeau;Agauria salicifolia;8,53;225,26;0,03;0,49;2
P2;Agauria;salicifolia;40;12,7388535;2450;Placeau;Agauria salicifolia;6,61;83,02;0,01;0,49;2
P2;Agauria;salicifolia;45;14,33121019;2450;Placeau;Agauria salicifolia;7,25;115,25;0,02;0,49;2
P2;Agauria;salicifolia;144;45,85987261;2450;Placeau;Agauria salicifolia;11,88;1933,8;0,17;0,49;2
P2;Agauria;salicifolia;94;29,93630573;2450;Placeau;Agauria salicifolia;10,55;731,78;0,07;0,49;2
P2;Agauria;salicifolia;45;14,33121019;2450;Placeau;Agauria salicifolia;7,25;115,25;0,02;0,49;2
P2;Agauria;salicifolia;38;12,10191083;2450;Placeau;Agauria salicifolia;6,31;71,53;0,01;0,49;2
P2;Agauria;salicifolia;53;16,87898089;2450;Placeau;Agauria salicifolia;8,09;178,39;0,02;0,49;2
P2;Agauria;salicifolia;58;18,47133758;2450;Placeau;Agauria salicifolia;8,53;225,26;0,03;0,49;2
P2;Agauria;salicifolia;54;17,19745223;2450;Placeau;Agauria salicifolia;8,19;187,47;0,02;0,49;2
P2;Agauria;salicifolia;76;24,20382166;2450;Placeau;Agauria salicifolia;9,73;441,17;0,05;0,49;2
P2;Agauria;salicifolia;72;22,92993631;2450;Placeau;Agauria salicifolia;9,5;386,6;0,04;0,49;2
P2;Agauria;salicifolia;56;17,8343949;2450;Placeau;Agauria salicifolia;8,36;205,8;0,02;0,49;2
P2;Agauria;salicifolia;138;43,94904459;2450;Placeau;Agauria salicifolia;11,77;1759,56;0,15;0,49;2
P2;Agauria;salicifolia;73;23,24840764;2450;Placeau;Agauria salicifolia;9,56;399,92;0,04;0,49;2
P2;Agauria;salicifolia;84;26,75159236;2450;Placeau;Agauria salicifolia;10,13;561,1;0,06;0,49;2
P2;Agauria;salicifolia;68;21,65605096;2450;Placeau;Agauria salicifolia;9,26;336,12;0,04;0,49;2
P2;Agauria;salicifolia;72;22,92993631;2450;Placeau;Agauria salicifolia;9,5;386,6;0,04;0,49;2
P2;Agauria;salicifolia;60;19,10828025;2450;Placeau;Agauria salicifolia;8,69;245,58;0,03;0,49;2
P2;Agauria;salicifolia;62;19,74522293;2450;Placeau;Agauria salicifolia;8,84;266,75;0,03;0,49;2
P2;Agauria;salicifolia;35;11,14649682;2450;Placeau;Agauria salicifolia;5,83;56,06;0,01;0,49;2
P2;Agauria;salicifolia;141;44,9044586;2450;Placeau;Agauria salicifolia;11,82;1844,7;0,16;0,49;2
P2;Agauria;salicifolia;112;35,66878981;2450;Placeau;Agauria salicifolia;11,15;1097,94;0,1;0,49;2
P2;Agauria;salicifolia;118;37,57961783;2450;Placeau;Agauria salicifolia;11,31;1236,22;0,11;0,49;2
P2;Agauria;salicifolia;37;11,78343949;2450;Placeau;Agauria salicifolia;6,16;66,2;0,01;0,49;2
P2;Agauria;salicifolia;39;12,42038217;2450;Placeau;Agauria salicifolia;6,46;77,13;0,01;0,49;2
P2;Agauria;salicifolia;45;14,33121019;2450;Placeau;Agauria salicifolia;7,25;115,25;0,02;0,49;2
P2;Agauria;salicifolia;48;15,2866242;2450;Placeau;Agauria salicifolia;7,59;137,28;0,02;0,49;2
P2;Agauria;salicifolia;37;11,78343949;2450;Placeau;Agauria salicifolia;6,16;66,2;0,01;0,49;2
P2;Hagenia;abyssinica;72;22,92993631;2450;Placeau;Hagenia abyssinica;9,5;386,6;0,04;0,57;2
P2;Ardisia;japonica;70;22,29299363;2450;Placeau;Ardisia japonica;9,38;360,8;0,04;0,59;2
P2;Ardisia;japonica;66;21,01910828;2450;Placeau;Ardisia japonica;9,12;311,85;0,03;0,59;2
P2;Ardisia;japonica;36;11,46496815;2450;Placeau;Ardisia japonica;6;61,04;0,01;0,59;2
P2;Ardisia;japonica;60;19,10828025;2450;Placeau;Ardisia japonica;8,69;245,58;0,03;0,59;2
P2;Ardisia;japonica;40;12,7388535;2450;Placeau;Ardisia japonica;6,61;83,02;0,01;0,59;2
P2;Ardisia;japonica;92;29,29936306;2450;Placeau;Ardisia japonica;10,47;695,65;0,07;0,59;2
P2;Ardisia;japonica;39;12,42038217;2450;Placeau;Ardisia japonica;6,46;77,13;0,01;0,59;2
P2;Ardisia;japonica;36;11,46496815;2450;Placeau;Ardisia japonica;6;61,04;0,01;0,59;2
P2;Ardisia;japonica;39;12,42038217;2450;Placeau;Ardisia japonica;6,46;77,13;0,01;0,59;2
P2;Ardisia;japonica;35;11,14649682;2450;Placeau;Ardisia japonica;5,83;56,06;0,01;0,59;2
P2;Ardisia;japonica;40;12,7388535;2450;Placeau;Ardisia japonica;6,61;83,02;0,01;0,59;2
P2;Ardisia;japonica;47;14,96815287;2450;Placeau;Ardisia japonica;7,48;129,71;0,02;0,59;2
P2;Ardisia;japonica;63;20,06369427;2450;Placeau;Ardisia japonica;8,92;277,92;0,03;0,59;2
P2;Ardisia;japonica;46;14,64968153;2450;Placeau;Ardisia japonica;7,37;122,42;0,02;0,59;2
P2;Ardisia;japonica;39;12,42038217;2450;Placeau;Ardisia japonica;6,46;77,13;0,01;0,59;2
P2;Ardisia;japonica;35;11,14649682;2450;Placeau;Ardisia japonica;5,83;56,06;0,01;0,59;2
P2;Ardisia;japonica;40;12,7388535;2450;Placeau;Ardisia japonica;6,61;83,02;0,01;0,59;2
P2;Ardisia;japonica;41;13,05732484;2450;Placeau;Ardisia japonica;6,74;88,94;0,01;0,59;2
P2;Ardisia;japonica;39;12,42038217;2450;Placeau;Ardisia japonica;6,46;77,13;0,01;0,59;2
P2;Ardisia;japonica;48;15,2866242;2450;Placeau;Ardisia japonica;7,59;137,28;0,02;0,59;2
P2;Ardisia;japonica;39;12,42038217;2450;Placeau;Ardisia japonica;6,46;77,13;0,01;0,59;2
P2;Ardisia;japonica;36;11,46496815;2450;Placeau;Ardisia japonica;6;61,04;0,01;0,59;2
P2;Ardisia;japonica;35;11,14649682;2450;Placeau;Ardisia japonica;5,83;56,06;0,01;0,59;2
P2;Ardisia;japonica;40;12,7388535;2450;Placeau;Ardisia japonica;6,61;83,02;0,01;0,59;2
P2;Ardisia;japonica;40;12,7388535;2450;Placeau;Ardisia japonica;6,61;83,02;0,01;0,59;2
P2;Ardisia;japonica;59;18,78980892;2450;Placeau;Ardisia japonica;8,61;235,28;0,03;0,59;2
P2;Ardisia;japonica;40;12,7388535;2450;Placeau;Ardisia japonica;6,61;83,02;0,01;0,59;2
P2;Ardisia;japonica;35;11,14649682;2450;Placeau;Ardisia japonica;5,83;56,06;0,01;0,59;2
P2;Ardisia;japonica;34;10,82802548;2450;Placeau;Ardisia japonica;5,66;51,36;0,01;0,59;2
P2;Ardisia;japonica;31;9,872611465;2450;Placeau;Ardisia japonica;5,1;38,47;0,01;0,59;2
P2;Ardisia;japonica;45;14,33121019;2450;Placeau;Ardisia japonica;7,25;115,25;0,02;0,59;2
P2;Ardisia;japonica;61;19,42675159;2450;Placeau;Ardisia japonica;8,77;256,17;0,03;0,59;2
P2;Ardisia;japonica;36;11,46496815;2450;Placeau;Ardisia japonica;6;61,04;0,01;0,59;2
P2;Ardisia;japonica;41;13,05732484;2450;Placeau;Ardisia japonica;6,74;88,94;0,01;0,59;2
P2;Ardisia;japonica;32;10,1910828;2450;Placeau;Ardisia japonica;5,29;42,52;0,01;0,59;2
P2;Ardisia;japonica;33;10,50955414;2450;Placeau;Ardisia japonica;5,48;46,85;0,01;0,59;2
P2;Hagenia;abyssinica;98;31,21019108;2450;Placeau;Hagenia abyssinica;10,7;806,69;0,08;0,57;2
P2;Hagenia;abyssinica;128;40,76433121;2450;Placeau;Hagenia abyssinica;11,55;1485,5;0,13;0,57;2
P2;Hagenia;abyssinica;55;17,51592357;2450;Placeau;Hagenia abyssinica;8,28;196,62;0,02;0,57;2
P2;Hagenia;abyssinica;149;47,4522293;2450;Placeau;Hagenia abyssinica;11,97;2086,11;0,18;0,57;2
P2;Hagenia;abyssinica;58;18,47133758;2450;Placeau;Hagenia abyssinica;8,53;225,26;0,03;0,57;2
P2;Hagenia;abyssinica;130;41,40127389;2450;Placeau;Hagenia abyssinica;11,6;1538,91;0,13;0,57;2
P2;Hagenia;abyssinica;59;18,78980892;2450;Placeau;Hagenia abyssinica;8,61;235,28;0,03;0,57;2
P2;Hagenia;abyssinica;83;26,43312102;2450;Placeau;Hagenia abyssinica;10,08;545,11;0,05;0,57;2
P2;Hagenia;abyssinica;58;18,47133758;2450;Placeau;Hagenia abyssinica;8,53;225,26;0,03;0,57;2
P2;Hagenia;abyssinica;69;21,97452229;2450;Placeau;Hagenia abyssinica;9,32;348,32;0,04;0,57;2
P2;Hagenia;abyssinica;35;11,14649682;2450;Placeau;Hagenia abyssinica;5,83;56,06;0,01;0,57;2
P2;Hagenia;abyssinica;79;25,15923567;2450;Placeau;Hagenia abyssinica;9,89;484,53;0,05;0,57;2
P2;Hagenia;abyssinica;36;11,46496815;2450;Placeau;Hagenia abyssinica;6;61,04;0,01;0,57;2
P2;Hagenia;abyssinica;66;21,01910828;2450;Placeau;Hagenia abyssinica;9,12;311,85;0,03;0,57;2
P2;Hagenia;abyssinica;50;15,92356688;2450;Placeau;Hagenia abyssinica;7,8;153,08;0,02;0,57;2
P2;Hagenia;abyssinica;70;22,29299363;2450;Placeau;Hagenia abyssinica;9,38;360,8;0,04;0,57;2
P2;Hagenia;abyssinica;42;13,37579618;2450;Placeau;Hagenia abyssinica;6,88;95,27;0,01;0,57;2
P2;Hagenia;abyssinica;47;14,96815287;2450;Placeau;Hagenia abyssinica;7,48;129,71;0,02;0,57;2
P2;Hagenia;abyssinica;63;20,06369427;2450;Placeau;Hagenia abyssinica;8,92;277,92;0,03;0,57;2
P2;Hagenia;abyssinica;34;10,82802548;2450;Placeau;Hagenia abyssinica;5,66;51,36;0,01;0,57;2
P2;Hagenia;abyssinica;76;24,20382166;2450;Placeau;Hagenia abyssinica;9,73;441,17;0,05;0,57;2
P2;Hagenia;abyssinica;63;20,06369427;2450;Placeau;Hagenia abyssinica;8,92;277,92;0,03;0,57;2
P2;Hagenia;abyssinica;45;14,33121019;2450;Placeau;Hagenia abyssinica;7,25;115,25;0,02;0,57;2
P2;Hagenia;abyssinica;95;30,25477707;2450;Placeau;Hagenia abyssinica;10,59;750,26;0,07;0,57;2
P2;Hagenia;abyssinica;59;18,78980892;2450;Placeau;Hagenia abyssinica;8,61;235,28;0,03;0,57;2
P2;Hagenia;abyssinica;72;22,92993631;2450;Placeau;Hagenia abyssinica;9,5;386,6;0,04;0,57;2
P2;Hagenia;abyssinica;37;11,78343949;2450;Placeau;Hagenia abyssinica;6,16;66,2;0,01;0,57;2
P2;Hagenia;abyssinica;55;17,51592357;2450;Placeau;Hagenia abyssinica;8,28;196,62;0,02;0,57;2
P2;Hagenia;abyssinica;47;14,96815287;2450;Placeau;Hagenia abyssinica;7,48;129,71;0,02;0,57;2
P2;Hagenia;abyssinica;53;16,87898089;2450;Placeau;Hagenia abyssinica;8,09;178,39;0,02;0,57;2
P2;Hagenia;abyssinica;60;19,10828025;2450;Placeau;Hagenia abyssinica;8,69;245,58;0,03;0,57;2
P2;Hagenia;abyssinica;75;23,88535032;2450;Placeau;Hagenia abyssinica;9,67;426,99;0,04;0,57;2
P2;Hagenia;abyssinica;41;13,05732484;2450;Placeau;Hagenia abyssinica;6,74;88,94;0,01;0,57;2
P2;Hagenia;abyssinica;76;24,20382166;2450;Placeau;Hagenia abyssinica;9,73;441,17;0,05;0,57;2
P2;Hagenia;abyssinica;77;24,52229299;2450;Placeau;Hagenia abyssinica;9,78;455,19;0,05;0,57;2
P2;Hagenia;abyssinica;86;27,38853503;2450;Placeau;Hagenia abyssinica;10,22;593,36;0,06;0,57;2
P2;Hagenia;abyssinica;54;17,19745223;2450;Placeau;Hagenia abyssinica;8,19;187,47;0,02;0,57;2
P2;Hagenia;abyssinica;53;16,87898089;2450;Placeau;Hagenia abyssinica;8,09;178,39;0,02;0,57;2
P2;Hagenia;abyssinica;58;18,47133758;2450;Placeau;Hagenia abyssinica;8,53;225,26;0,03;0,57;2
P2;Hagenia;abyssinica;50;15,92356688;2450;Placeau;Hagenia abyssinica;7,8;153,08;0,02;0,57;2
P2;Hagenia;abyssinica;61;19,42675159;2450;Placeau;Hagenia abyssinica;8,77;256,17;0,03;0,57;2
P2;Hagenia;abyssinica;41;13,05732484;2450;Placeau;Hagenia abyssinica;6,74;88,94;0,01;0,57;2
P2;Hagenia;abyssinica;63;20,06369427;2450;Placeau;Hagenia abyssinica;8,92;277,92;0,03;0,57;2
P2;Hagenia;abyssinica;78;24,84076433;2450;Placeau;Hagenia abyssinica;9,83;469,47;0,05;0,57;2
P2;Hagenia;abyssinica;53;16,87898089;2450;Placeau;Hagenia abyssinica;8,09;178,39;0,02;0,57;2
P2;Hagenia;abyssinica;128;40,76433121;2450;Placeau;Hagenia abyssinica;11,55;1485,5;0,13;0,57;2
P2;Hagenia;abyssinica;61;19,42675159;2450;Placeau;Hagenia abyssinica;8,77;256,17;0,03;0,57;2
P2;Hagenia;abyssinica;62;19,74522293;2450;Placeau;Hagenia abyssinica;8,84;266,75;0,03;0,57;2
P2;Hagenia;abyssinica;71;22,61146497;2450;Placeau;Hagenia abyssinica;9,44;373,56;0,04;0,57;2
P2;Hagenia;abyssinica;52;16,56050955;2450;Placeau;Hagenia abyssinica;8;169,81;0,02;0,57;2
P2;Hagenia;abyssinica;108;34,39490446;2450;Placeau;Hagenia abyssinica;11,03;1009,93;0,09;0,57;2
P2;Hagenia;abyssinica;81;25,79617834;2450;Placeau;Hagenia abyssinica;9,99;514,52;0,05;0,57;2
P2;Hagenia;abyssinica;48;15,2866242;2450;Placeau;Hagenia abyssinica;7,59;137,28;0,02;0,57;2
P2;Hagenia;abyssinica;65;20,70063694;2450;Placeau;Hagenia abyssinica;9,06;300,49;0,03;0,57;2
P2;Hagenia;abyssinica;64;20,38216561;2450;Placeau;Hagenia abyssinica;8,99;289,06;0,03;0,57;2
P2;Hagenia;abyssinica;49;15,60509554;2450;Placeau;Hagenia abyssinica;7,7;145,13;0,02;0,57;2
P2;Hagenia;abyssinica;67;21,33757962;2450;Placeau;Hagenia abyssinica;9,19;323,84;0,04;0,57;2
P2;Hagenia;abyssinica;72;22,92993631;2450;Placeau;Hagenia abyssinica;9,5;386,6;0,04;0,57;2
P2;Hagenia;abyssinica;86;27,38853503;2450;Placeau;Hagenia abyssinica;10,22;593,36;0,06;0,57;2
P2;Hagenia;abyssinica;35;11,14649682;2450;Placeau;Hagenia abyssinica;5,83;56,06;0,01;0,57;2
P2;Hagenia;abyssinica;129;41,08280255;2450;Placeau;Hagenia abyssinica;11,58;1512,72;0,13;0,57;2
P2;Hagenia;abyssinica;44;14,01273885;2450;Placeau;Hagenia abyssinica;7,13;108,36;0,02;0,57;2
P2;Hagenia;abyssinica;74;23,56687898;2450;Placeau;Hagenia abyssinica;9,62;413,53;0,04;0,57;2
P2;Hagenia;abyssinica;66;21,01910828;2450;Placeau;Hagenia abyssinica;9,12;311,85;0,03;0,57;2
P2;Hagenia;abyssinica;45;14,33121019;2450;Placeau;Hagenia abyssinica;7,25;115,25;0,02;0,57;2
P2;Hagenia;abyssinica;57;18,15286624;2450;Placeau;Hagenia abyssinica;8,45;215,51;0,03;0,57;2
P2;Hagenia;abyssinica;81;25,79617834;2450;Placeau;Hagenia abyssinica;9,99;514,52;0,05;0,57;2
P2;Hagenia;abyssinica;61;19,42675159;2450;Placeau;Hagenia abyssinica;8,77;256,17;0,03;0,57;2
P2;Hagenia;abyssinica;57;18,15286624;2450;Placeau;Hagenia abyssinica;8,45;215,51;0,03;0,57;2
P2;Hagenia;abyssinica;48;15,2866242;2450;Placeau;Hagenia abyssinica;7,59;137,28;0,02;0,57;2
P2;Hagenia;abyssinica;64;20,38216561;2450;Placeau;Hagenia abyssinica;8,99;289,06;0,03;0,57;2
P2;Hagenia;abyssinica;69;21,97452229;2450;Placeau;Hagenia abyssinica;9,32;348,32;0,04;0,57;2
P2;Hagenia;abyssinica;45;14,33121019;2450;Placeau;Hagenia abyssinica;7,25;115,25;0,02;0,57;2
P2;Hagenia;abyssinica;43;13,69426752;2450;Placeau;Hagenia abyssinica;7,01;101,75;0,01;0,57;2
P2;Hagenia;abyssinica;59;18,78980892;2450;Placeau;Hagenia abyssinica;8,61;235,28;0,03;0,57;2
P2;Hagenia;abyssinica;93;29,61783439;2450;Placeau;Hagenia abyssinica;10,51;713,57;0,07;0,57;2
P2;Hagenia;abyssinica;50;15,92356688;2450;Placeau;Hagenia abyssinica;7,8;153,08;0,02;0,57;2
P2;Hagenia;abyssinica;42;13,37579618;2450;Placeau;Hagenia abyssinica;6,88;95,27;0,01;0,57;2
P2;Hagenia;abyssinica;43;13,69426752;2450;Placeau;Hagenia abyssinica;7,01;101,75;0,01;0,57;2
P2;Hagenia;abyssinica;40;12,7388535;2450;Placeau;Hagenia abyssinica;6,61;83,02;0,01;0,57;2
P2;Hagenia;abyssinica;60;19,10828025;2450;Placeau;Hagenia abyssinica;8,69;245,58;0,03;0,57;2
P2;Hagenia;abyssinica;58;18,47133758;2450;Placeau;Hagenia abyssinica;8,53;225,26;0,03;0,57;2
P2;Hagenia;abyssinica;41;13,05732484;2450;Placeau;Hagenia abyssinica;6,74;88,94;0,01;0,57;2
P2;Hagenia;abyssinica;40;12,7388535;2450;Placeau;Hagenia abyssinica;6,61;83,02;0,01;0,57;2
P2;Hagenia;abyssinica;76;24,20382166;2450;Placeau;Hagenia abyssinica;9,73;441,17;0,05;0,57;2
P2;Macaranga;neomildbraediana;50;15,92356688;2450;Placeau;Macaranga neomildbraediana;7,8;153,08;0,02;0,38;2
P2;Macaranga;neomildbraediana;73;23,24840764;2450;Placeau;Macaranga neomildbraediana;9,56;399,92;0,04;0,38;2
P2;Macaranga;neomildbraediana;42;13,37579618;2450;Placeau;Macaranga neomildbraediana;6,88;95,27;0,01;0,38;2
P2;Macaranga;neomildbraediana;89;28,34394904;2450;Placeau;Macaranga neomildbraediana;10,35;643,56;0,06;0,38;2
P2;Macaranga;neomildbraediana;39;12,42038217;2450;Placeau;Macaranga neomildbraediana;6,46;77,13;0,01;0,38;2
P2;Macaranga;neomildbraediana;49;15,60509554;2450;Placeau;Macaranga neomildbraediana;7,7;145,13;0,02;0,38;2
P2;Macaranga;neomildbraediana;61;19,42675159;2450;Placeau;Macaranga neomildbraediana;8,77;256,17;0,03;0,38;2
P2;Macaranga;neomildbraediana;70;22,29299363;2450;Placeau;Macaranga neomildbraediana;9,38;360,8;0,04;0,38;2
P2;Macaranga;neomildbraediana;69;21,97452229;2450;Placeau;Macaranga neomildbraediana;9,32;348,32;0,04;0,38;2
P2;Macaranga;neomildbraediana;92;29,29936306;2450;Placeau;Macaranga neomildbraediana;10,47;695,65;0,07;0,38;2
P2;Macaranga;neomildbraediana;63;20,06369427;2450;Placeau;Macaranga neomildbraediana;8,92;277,92;0,03;0,38;2
P2;Macaranga;neomildbraediana;79;25,15923567;2450;Placeau;Macaranga neomildbraediana;9,89;484,53;0,05;0,38;2
P2;Macaranga;neomildbraediana;120;38,21656051;2450;Placeau;Macaranga neomildbraediana;11,36;1284,13;0,11;0,38;2
P2;Macaranga;neomildbraediana;61;19,42675159;2450;Placeau;Macaranga neomildbraediana;8,77;256,17;0,03;0,38;2
P2;Macaranga;neomildbraediana;47;14,96815287;2450;Placeau;Macaranga neomildbraediana;7,48;129,71;0,02;0,38;2
P2;Macaranga;neomildbraediana;38;12,10191083;2450;Placeau;Macaranga neomildbraediana;6,31;71,53;0,01;0,38;2
P2;Macaranga;neomildbraediana;48;15,2866242;2450;Placeau;Macaranga neomildbraediana;7,59;137,28;0,02;0,38;2
P2;Macaranga;neomildbraediana;91;28,98089172;2450;Placeau;Macaranga neomildbraediana;10,43;678,01;0,07;0,38;2
P2;Macaranga;neomildbraediana;102;32,48407643;2450;Placeau;Macaranga neomildbraediana;10,84;885,32;0,08;0,38;2
P2;Macaranga;neomildbraediana;37;11,78343949;2450;Placeau;Macaranga neomildbraediana;6,16;66,2;0,01;0,38;2
P2;Macaranga;neomildbraediana;48;15,2866242;2450;Placeau;Macaranga neomildbraediana;7,59;137,28;0,02;0,38;2
P2;Macaranga;neomildbraediana;42;13,37579618;2450;Placeau;Macaranga neomildbraediana;6,88;95,27;0,01;0,38;2
P2;Macaranga;neomildbraediana;40;12,7388535;2450;Placeau;Macaranga neomildbraediana;6,61;83,02;0,01;0,38;2
P2;Macaranga;neomildbraediana;38;12,10191083;2450;Placeau;Macaranga neomildbraediana;6,31;71,53;0,01;0,38;2
P2;Macaranga;neomildbraediana;53;16,87898089;2450;Placeau;Macaranga neomildbraediana;8,09;178,39;0,02;0,38;2
P2;Macaranga;neomildbraediana;51;16,24203822;2450;Placeau;Macaranga neomildbraediana;7,9;161,3;0,02;0,38;2
P2;Macaranga;neomildbraediana;73;23,24840764;2450;Placeau;Macaranga neomildbraediana;9,56;399,92;0,04;0,38;2
P2;Macaranga;neomildbraediana;50;15,92356688;2450;Placeau;Macaranga neomildbraediana;7,8;153,08;0,02;0,38;2
P2;Macaranga;neomildbraediana;49;15,60509554;2450;Placeau;Macaranga neomildbraediana;7,7;145,13;0,02;0,38;2
P2;Macaranga;neomildbraediana;44;14,01273885;2450;Placeau;Macaranga neomildbraediana;7,13;108,36;0,02;0,38;2
P2;Macaranga;neomildbraediana;63;20,06369427;2450;Placeau;Macaranga neomildbraediana;8,92;277,92;0,03;0,38;2
P2;Macaranga;neomildbraediana;56;17,8343949;2450;Placeau;Macaranga neomildbraediana;8,36;205,8;0,02;0,38;2
P2;Macaranga;neomildbraediana;69;21,97452229;2450;Placeau;Macaranga neomildbraediana;9,32;348,32;0,04;0,38;2
P2;Macaranga;neomildbraediana;67;21,33757962;2450;Placeau;Macaranga neomildbraediana;9,19;323,84;0,04;0,38;2
P2;Macaranga;neomildbraediana;64;20,38216561;2450;Placeau;Macaranga neomildbraediana;8,99;289,06;0,03;0,38;2
P2;Macaranga;neomildbraediana;55;17,51592357;2450;Placeau;Macaranga neomildbraediana;8,28;196,62;0,02;0,38;2
P2;Macaranga;neomildbraediana;76;24,20382166;2450;Placeau;Macaranga neomildbraediana;9,73;441,17;0,05;0,38;2
P2;Macaranga;neomildbraediana;37;11,78343949;2450;Placeau;Macaranga neomildbraediana;6,16;66,2;0,01;0,38;2
P2;Macaranga;neomildbraediana;63;20,06369427;2450;Placeau;Macaranga neomildbraediana;8,92;277,92;0,03;0,38;2
P2;Macaranga;neomildbraediana;40;12,7388535;2450;Placeau;Macaranga neomildbraediana;6,61;83,02;0,01;0,38;2
P2;Macaranga;neomildbraediana;46;14,64968153;2450;Placeau;Macaranga neomildbraediana;7,37;122,42;0,02;0,38;2
P2;Macaranga;neomildbraediana;49;15,60509554;2450;Placeau;Macaranga neomildbraediana;7,7;145,13;0,02;0,38;2
P2;Macaranga;neomildbraediana;54;17,19745223;2450;Placeau;Macaranga neomildbraediana;8,19;187,47;0,02;0,38;2
P2;Macaranga;neomildbraediana;48;15,2866242;2450;Placeau;Macaranga neomildbraediana;7,59;137,28;0,02;0,38;2
P2;Macaranga;neomildbraediana;40;12,7388535;2450;Placeau;Macaranga neomildbraediana;6,61;83,02;0,01;0,38;2
P2;Macaranga;neomildbraediana;52;16,56050955;2450;Placeau;Macaranga neomildbraediana;8;169,81;0,02;0,38;2
P2;Macaranga;neomildbraediana;75;23,88535032;2450;Placeau;Macaranga neomildbraediana;9,67;426,99;0,04;0,38;2
P2;Macaranga;neomildbraediana;117;37,2611465;2450;Placeau;Macaranga neomildbraediana;11,28;1212,13;0,11;0,38;2
P2;Macaranga;neomildbraediana;37;11,78343949;2450;Placeau;Macaranga neomildbraediana;6,16;66,2;0,01;0,38;2
P2;Macaranga;neomildbraediana;86;27,38853503;2450;Placeau;Macaranga neomildbraediana;10,22;593,36;0,06;0,38;2
P2;Macaranga;neomildbraediana;102;32,48407643;2450;Placeau;Macaranga neomildbraediana;10,84;885,32;0,08;0,38;2
P2;Macaranga;neomildbraediana;48;15,2866242;2450;Placeau;Macaranga neomildbraediana;7,59;137,28;0,02;0,38;2
P2;Macaranga;neomildbraediana;41;13,05732484;2450;Placeau;Macaranga neomildbraediana;6,74;88,94;0,01;0,38;2
P2;Macaranga;neomildbraediana;45;14,33121019;2450;Placeau;Macaranga neomildbraediana;7,25;115,25;0,02;0,38;2
P2;Macaranga;neomildbraediana;98;31,21019108;2450;Placeau;Macaranga neomildbraediana;10,7;806,69;0,08;0,38;2
P2;Macaranga;neomildbraediana;57;18,15286624;2450;Placeau;Macaranga neomildbraediana;8,45;215,51;0,03;0,38;2
P2;Macaranga;neomildbraediana;39;12,42038217;2450;Placeau;Macaranga neomildbraediana;6,46;77,13;0,01;0,38;2
P2;Macaranga;neomildbraediana;39;12,42038217;2450;Placeau;Macaranga neomildbraediana;6,46;77,13;0,01;0,38;2
P2;Macaranga;neomildbraediana;35;11,14649682;2450;Placeau;Macaranga neomildbraediana;5,83;56,06;0,01;0,38;2
P2;Macaranga;neomildbraediana;53;16,87898089;2450;Placeau;Macaranga neomildbraediana;8,09;178,39;0,02;0,38;2
P2;Macaranga;neomildbraediana;44;14,01273885;2450;Placeau;Macaranga neomildbraediana;7,13;108,36;0,02;0,38;2
P2;Macaranga;neomildbraediana;63;20,06369427;2450;Placeau;Macaranga neomildbraediana;8,92;277,92;0,03;0,38;2
P2;Macaranga;neomildbraediana;56;17,8343949;2450;Placeau;Macaranga neomildbraediana;8,36;205,8;0,02;0,38;2
P2;Macaranga;neomildbraediana;69;21,97452229;2450;Placeau;Macaranga neomildbraediana;9,32;348,32;0,04;0,38;2
P2;Macaranga;neomildbraediana;82;26,11464968;2450;Placeau;Macaranga neomildbraediana;10,03;529,42;0,05;0,38;2
P2;Macaranga;neomildbraediana;60;19,10828025;2450;Placeau;Macaranga neomildbraediana;8,69;245,58;0,03;0,38;2
P2;Macaranga;neomildbraediana;75;23,88535032;2450;Placeau;Macaranga neomildbraediana;9,67;426,99;0,04;0,38;2
P2;Macaranga;neomildbraediana;63;20,06369427;2450;Placeau;Macaranga neomildbraediana;8,92;277,92;0,03;0,38;2
P2;Macaranga;neomildbraediana;75;23,88535032;2450;Placeau;Macaranga neomildbraediana;9,67;426,99;0,04;0,38;2
P2;Macaranga;neomildbraediana;59;18,78980892;2450;Placeau;Macaranga neomildbraediana;8,61;235,28;0,03;0,38;2
P2;Macaranga;neomildbraediana;68;21,65605096;2450;Placeau;Macaranga neomildbraediana;9,26;336,12;0,04;0,38;2
P2;Macaranga;neomildbraediana;72;22,92993631;2450;Placeau;Macaranga neomildbraediana;9,5;386,6;0,04;0,38;2
P2;Macaranga;neomildbraediana;59;18,78980892;2450;Placeau;Macaranga neomildbraediana;8,61;235,28;0,03;0,38;2
P2;Macaranga;neomildbraediana;41;13,05732484;2450;Placeau;Macaranga neomildbraediana;6,74;88,94;0,01;0,38;2
P2;Macaranga;neomildbraediana;34;10,82802548;2450;Placeau;Macaranga neomildbraediana;5,66;51,36;0,01;0,38;2
P2;Macaranga;neomildbraediana;49;15,60509554;2450;Placeau;Macaranga neomildbraediana;7,7;145,13;0,02;0,38;2
P2;Macaranga;neomildbraediana;67;21,33757962;2450;Placeau;Macaranga neomildbraediana;9,19;323,84;0,04;0,38;2
P2;Macaranga;neomildbraediana;66;21,01910828;2450;Placeau;Macaranga neomildbraediana;9,12;311,85;0,03;0,38;2
P2;Macaranga;neomildbraediana;107;34,07643312;2450;Placeau;Macaranga neomildbraediana;11;988,62;0,09;0,38;2
P2;Macaranga;neomildbraediana;94;29,93630573;2450;Placeau;Macaranga neomildbraediana;10,55;731,78;0,07;0,38;2
P2;Macaranga;neomildbraediana;117;37,2611465;2450;Placeau;Macaranga neomildbraediana;11,28;1212,13;0,11;0,38;2
P2;Macaranga;neomildbraediana;104;33,12101911;2450;Placeau;Macaranga neomildbraediana;10,9;925,47;0,09;0,38;2
P2;Macaranga;neomildbraediana;132;42,03821656;2450;Placeau;Macaranga neomildbraediana;11,64;1592,1;0,14;0,38;2
P2;Macaranga;neomildbraediana;57;18,15286624;2450;Placeau;Macaranga neomildbraediana;8,45;215,51;0,03;0,38;2
P2;Macaranga;neomildbraediana;41;13,05732484;2450;Placeau;Macaranga neomildbraediana;6,74;88,94;0,01;0,38;2
P2;Macaranga;neomildbraediana;33;10,50955414;2450;Placeau;Macaranga neomildbraediana;5,48;46,85;0,01;0,38;2
P2;Macaranga;neomildbraediana;32;10,1910828;2450;Placeau;Macaranga neomildbraediana;5,29;42,52;0,01;0,38;2
P2;Macaranga;neomildbraediana;52;16,56050955;2450;Placeau;Macaranga neomildbraediana;8;169,81;0,02;0,38;2
P2;Macaranga;neomildbraediana;48;15,2866242;2450;Placeau;Macaranga neomildbraediana;7,59;137,28;0,02;0,38;2
P2;Macaranga;neomildbraediana;54;17,19745223;2450;Placeau;Macaranga neomildbraediana;8,19;187,47;0,02;0,38;2
P2;Macaranga;neomildbraediana;41;13,05732484;2450;Placeau;Macaranga neomildbraediana;6,74;88,94;0,01;0,38;2
P2;Macaranga;neomildbraediana;51;16,24203822;2450;Placeau;Macaranga neomildbraediana;7,9;161,3;0,02;0,38;2
P2;Macaranga;neomildbraediana;69;21,97452229;2450;Placeau;Macaranga neomildbraediana;9,32;348,32;0,04;0,38;2
P2;Macaranga;neomildbraediana;101;32,1656051;2450;Placeau;Macaranga neomildbraediana;10,8;864,84;0,08;0,38;2
P2;Macaranga;neomildbraediana;90;28,66242038;2450;Placeau;Macaranga neomildbraediana;10,39;660,65;0,06;0,38;2
P2;Macaranga;neomildbraediana;69;21,97452229;2450;Placeau;Macaranga neomildbraediana;9,32;348,32;0,04;0,38;2
P2;Macaranga;neomildbraediana;46;14,64968153;2450;Placeau;Macaranga neomildbraediana;7,37;122,42;0,02;0,38;2
P2;Macaranga;neomildbraediana;66;21,01910828;2450;Placeau;Macaranga neomildbraediana;9,12;311,85;0,03;0,38;2
P2;Macaranga;neomildbraediana;68;21,65605096;2450;Placeau;Macaranga neomildbraediana;9,26;336,12;0,04;0,38;2
P2;Macaranga;neomildbraediana;76;24,20382166;2450;Placeau;Macaranga neomildbraediana;9,73;441,17;0,05;0,38;2
P2;Macaranga;neomildbraediana;48;15,2866242;2450;Placeau;Macaranga neomildbraediana;7,59;137,28;0,02;0,38;2
P2;Macaranga;neomildbraediana;54;17,19745223;2450;Placeau;Macaranga neomildbraediana;8,19;187,47;0,02;0,38;2
P2;Macaranga;neomildbraediana;96;30,57324841;2450;Placeau;Macaranga neomildbraediana;10,63;769,03;0,07;0,38;2
P2;Macaranga;neomildbraediana;47;14,96815287;2450;Placeau;Macaranga neomildbraediana;7,48;129,71;0,02;0,38;2
P2;Macaranga;neomildbraediana;53;16,87898089;2450;Placeau;Macaranga neomildbraediana;8,09;178,39;0,02;0,38;2
P2;Macaranga;neomildbraediana;72;22,92993631;2450;Placeau;Macaranga neomildbraediana;9,5;386,6;0,04;0,38;2
P2;Macaranga;neomildbraediana;62;19,74522293;2450;Placeau;Macaranga neomildbraediana;8,84;266,75;0,03;0,38;2
P2;Macaranga;neomildbraediana;46;14,64968153;2450;Placeau;Macaranga neomildbraediana;7,37;122,42;0,02;0,38;2
P2;Macaranga;neomildbraediana;58;18,47133758;2450;Placeau;Macaranga neomildbraediana;8,53;225,26;0,03;0,38;2
P2;Nuxia;congesta;49;15,60509554;2450;Placeau;Nuxia congesta;7,7;145,13;0,02;0,68;2
P2;Nuxia;congesta;45;14,33121019;2450;Placeau;Nuxia congesta;7,25;115,25;0,02;0,68;2
P2;Nuxia;congesta;52;16,56050955;2450;Placeau;Nuxia congesta;8;169,81;0,02;0,68;2
P2;Nuxia;congesta;45;14,33121019;2450;Placeau;Nuxia congesta;7,25;115,25;0,02;0,68;2
P2;Nuxia;congesta;38;12,10191083;2450;Placeau;Nuxia congesta;6,31;71,53;0,01;0,68;2
P2;Nuxia;congesta;45;14,33121019;2450;Placeau;Nuxia congesta;7,25;115,25;0,02;0,68;2
P2;Nuxia;congesta;54;17,19745223;2450;Placeau;Nuxia congesta;8,19;187,47;0,02;0,68;2
P2;Nuxia;congesta;72;22,92993631;2450;Placeau;Nuxia congesta;9,5;386,6;0,04;0,68;2
P2;Nuxia;congesta;38;12,10191083;2450;Placeau;Nuxia congesta;6,31;71,53;0,01;0,68;2
P2;Nuxia;congesta;42;13,37579618;2450;Placeau;Nuxia congesta;6,88;95,27;0,01;0,68;2
P2;Nuxia;congesta;62;19,74522293;2450;Placeau;Nuxia congesta;8,84;266,75;0,03;0,68;2
P2;Nuxia;congesta;40;12,7388535;2450;Placeau;Nuxia congesta;6,61;83,02;0,01;0,68;2
P2;Nuxia;congesta;76;24,20382166;2450;Placeau;Nuxia congesta;9,73;441,17;0,05;0,68;2
P2;Nuxia;congesta;66;21,01910828;2450;Placeau;Nuxia congesta;9,12;311,85;0,03;0,68;2
P2;Nuxia;congesta;43;13,69426752;2450;Placeau;Nuxia congesta;7,01;101,75;0,01;0,68;2
P2;Nuxia;congesta;53;16,87898089;2450;Placeau;Nuxia congesta;8,09;178,39;0,02;0,68;2
P2;Nuxia;congesta;34;10,82802548;2450;Placeau;Nuxia congesta;5,66;51,36;0,01;0,68;2
P2;Nuxia;congesta;55;17,51592357;2450;Placeau;Nuxia congesta;8,28;196,62;0,02;0,68;2
P2;Nuxia;congesta;78;24,84076433;2450;Placeau;Nuxia congesta;9,83;469,47;0,05;0,68;2
P2;Nuxia;congesta;50;15,92356688;2450;Placeau;Nuxia congesta;7,8;153,08;0,02;0,68;2
P2;Nuxia;congesta;42;13,37579618;2450;Placeau;Nuxia congesta;6,88;95,27;0,01;0,68;2
P2;Nuxia;congesta;38;12,10191083;2450;Placeau;Nuxia congesta;6,31;71,53;0,01;0,68;2
P2;Nuxia;congesta;70;22,29299363;2450;Placeau;Nuxia congesta;9,38;360,8;0,04;0,68;2
P2;Nuxia;congesta;76;24,20382166;2450;Placeau;Nuxia congesta;9,73;441,17;0,05;0,68;2
P2;Nuxia;congesta;54;17,19745223;2450;Placeau;Nuxia congesta;8,19;187,47;0,02;0,68;2
P2;Nuxia;congesta;61;19,42675159;2450;Placeau;Nuxia congesta;8,77;256,17;0,03;0,68;2
P2;Nuxia;congesta;73;23,24840764;2450;Placeau;Nuxia congesta;9,56;399,92;0,04;0,68;2
P2;Nuxia;congesta;58;18,47133758;2450;Placeau;Nuxia congesta;8,53;225,26;0,03;0,68;2
P2;Nuxia;congesta;43;13,69426752;2450;Placeau;Nuxia congesta;7,01;101,75;0,01;0,68;2
P2;Nuxia;congesta;53;16,87898089;2450;Placeau;Nuxia congesta;8,09;178,39;0,02;0,68;2
P2;Nuxia;congesta;36;11,46496815;2450;Placeau;Nuxia congesta;6;61,04;0,01;0,68;2
P2;Nuxia;congesta;50;15,92356688;2450;Placeau;Nuxia congesta;7,8;153,08;0,02;0,68;2
P2;Nuxia;congesta;101;32,1656051;2450;Placeau;Nuxia congesta;10,8;864,84;0,08;0,68;2
P2;Nuxia;congesta;45;14,33121019;2450;Placeau;Nuxia congesta;7,25;115,25;0,02;0,68;2
P2;Nuxia;congesta;65;20,70063694;2450;Placeau;Nuxia congesta;9,06;300,49;0,03;0,68;2
P2;Polyscias;fulva;95;30,25477707;2450;Placeau;Polyscias fulva;10,59;750,26;0,07;0,24;2
P2;Polyscias;fulva;91;28,98089172;2450;Placeau;Polyscias fulva;10,43;678,01;0,07;0,24;2
P2;Polyscias;fulva;116;36,94267516;2450;Placeau;Polyscias fulva;11,26;1189,39;0,11;0,24;2
P2;Polyscias;fulva;91;28,98089172;2450;Placeau;Polyscias fulva;10,43;678,01;0,07;0,24;2
P2;Polyscias;fulva;117;37,2611465;2450;Placeau;Polyscias fulva;11,28;1212,13;0,11;0,24;2
P2;Polyscias;fulva;79;25,15923567;2450;Placeau;Polyscias fulva;9,89;484,53;0,05;0,24;2
P2;Polyscias;fulva;60;19,10828025;2450;Placeau;Polyscias fulva;8,69;245,58;0,03;0,24;2
P2;Polyscias;fulva;70;22,29299363;2450;Placeau;Polyscias fulva;9,38;360,8;0,04;0,24;2
P2;Polyscias;fulva;61;19,42675159;2450;Placeau;Polyscias fulva;8,77;256,17;0,03;0,24;2
P2;Polyscias;fulva;111;35,35031847;2450;Placeau;Polyscias fulva;11,12;1075,52;0,1;0,24;2
P2;Polyscias;fulva;113;35,98726115;2450;Placeau;Polyscias fulva;11,18;1120,65;0,1;0,24;2
P2;Polyscias;fulva;59;18,78980892;2450;Placeau;Polyscias fulva;8,61;235,28;0,03;0,24;2
P2;Polyscias;fulva;114;36,30573248;2450;Placeau;Polyscias fulva;11,2;1142,61;0,1;0,24;2
P2;Polyscias;fulva;101;32,1656051;2450;Placeau;Polyscias fulva;10,8;864,84;0,08;0,24;2
P2;Polyscias;fulva;127;40,44585987;2450;Placeau;Polyscias fulva;11,53;1459,84;0,13;0,24;2
P2;Syzygium;sp;59;18,78980892;2450;Placeau;Syzygium sp;8,61;235,28;0,03;0,68;2
P2;Syzygium;sp;83;26,43312102;2450;Placeau;Syzygium sp;10,08;545,11;0,05;0,68;2
T1;Carapa;grandiflora;105;33,43949045;2376;Transect;Carapa grandiflora;15,59;1349,26;0,09;0,55;0,19
T1;Carapa;grandiflora;80;25,47770701;2376;Transect;Carapa grandiflora;13,16;661,16;0,05;0,55;0,19
T1;Carapa;grandiflora;190;60,50955414;2376;Transect;Carapa grandiflora;20,08;5690,37;0,29;0,55;0,19
T1;Chascalia;cibrocreata;67;21,33757962;2376;Transect;Chascalia cibrocreata;11,59;408,42;0,04;0,49;0,19
T1;Dracaena;mannii;47;14,96815287;2376;Transect;Dracaena mannii;8,65;150;0,02;0,42;0,19
T1;Macaranga;kilimandscharica;104;33,12101911;2376;Transect;Macaranga kilimandscharica;15,51;1316,89;0,09;0,4;0,19
T1;Macaranga;kilimandscharica;107;34,07643312;2376;Transect;Macaranga kilimandscharica;15,75;1415,53;0,09;0,4;0,19
T1;Macaranga;kilimandscharica;41;13,05732484;2376;Transect;Macaranga kilimandscharica;7,62;100,55;0,01;0,4;0,19
T1;Macaranga;kilimandscharica;91;28,98089172;2376;Transect;Macaranga kilimandscharica;14,32;930,88;0,07;0,4;0,19
T1;Milletia;dura;121;38,53503185;2376;Transect;Milletia dura;16,81;1932;0,12;0,49;0,19
T1;Milletia;dura;120;38,21656051;2376;Transect;Milletia dura;16,74;1892,29;0,11;0,49;0,19
T1;Milletia;dura;94;29,93630573;2376;Transect;Milletia dura;14,61;1013,39;0,07;0,49;0,19
T1;Milletia;dura;63;20,06369427;2376;Transect;Milletia dura;11,05;344,28;0,03;0,49;0,19
T1;Mirentous;sp;110;35,03184713;2376;Transect;Mirentous sp;15,99;1518,81;0,1;0,49;0,19
T1;Neoboutonia;macrocalyx;83;26,43312102;2376;Transect;Neoboutonia macrocalyx;13,49;729,52;0,05;0,33;0,19
T1;Simphonia;globulifera;46;14,64968153;2376;Transect;Simphonia globulifera;8,48;140,86;0,02;0,49;0,19
T1;Strombosia;grandifolia;87;27,70700637;2376;Transect;Strombosia grandifolia;13,91;826,49;0,06;0,82;0,19
T1;Strombosia;grandifolia;78;24,84076433;2376;Transect;Strombosia grandifolia;12,94;618,01;0,05;0,82;0,19
T1;Strombosia;goetzeni;168;53,50318471;2376;Transect;Strombosia goetzeni;19,31;4278,29;0,22;0,72;0,19
T1;Syzygium;guineense;105;33,43949045;2376;Transect;Syzygium guineense;15,59;1349,26;0,09;0,61;0,19
T1;Syzygium;guineense;113;35,98726115;2376;Transect;Syzygium guineense;16,23;1626,84;0,1;0,61;0,19
T1;Syzygium;guineense;150;47,77070064;2376;Transect;Syzygium guineense;18,51;3269,33;0,18;0,61;0,19
T1;Tabernaemontana;crassa;39;12,42038217;2376;Transect;Tabernaemontana crassa;7,26;86,68;0,01;0,55;0,19
T1;Xymalos;monospora;47;14,96815287;2376;Transect;Xymalos monospora;8,65;150;0,02;0,49;0,19
T1;Xymalos;monospora;49;15,60509554;2376;Transect;Xymalos monospora;8,97;169,07;0,02;0,49;0,19
T1;Xymalos;monospora;150;47,77070064;2376;Transect;Xymalos monospora;18,51;3269,33;0,18;0,49;0,19
T1;Milletia;dura;115;36,62420382;2376;Transect;Milletia dura;16,38;1700,51;0,11;0,49;0,19
T1;Neoboutonia;macrocalyx;70;22,29299363;2376;Transect;Neoboutonia macrocalyx;11,97;460,43;0,04;0,33;0,19
T1;Neoboutonia;macrocalyx;108;34,39490446;2376;Transect;Neoboutonia macrocalyx;15,84;1450,35;0,09;0,33;0,19
T1;Polyscias;fulva;163;51,91082803;2376;Transect;Polyscias fulva;19,1;3983,62;0,21;0,24;0,19
T1;Polyscias;fulva;235;74,84076433;2376;Transect;Polyscias fulva;21,16;9173,2;0,44;0,24;0,19
T1;Strombosia;grandifolia;140;44,58598726;2376;Transect;Strombosia grandifolia;17,99;2767,94;0,16;0,82;0,19
T1;Strombosia;goetzeni;46;14,64968153;2376;Transect;Strombosia goetzeni;8,48;140,86;0,02;0,72;0,19
T1;Syzygium;guineense;91;28,98089172;2376;Transect;Syzygium guineense;14,32;930,88;0,07;0,61;0,19
T1;Syzygium;guineense;100;31,84713376;2376;Transect;Syzygium guineense;15,16;1190,06;0,08;0,61;0,19
T1;Carapa;grandiflora;112;35,66878981;2376;Transect;Carapa grandiflora;16,15;1590,3;0,1;0,55;0,19
T1;Chascalia;cibrocreata;79;25,15923567;2376;Transect;Chascalia cibrocreata;13,05;639,34;0,05;0,49;0,19
T1;Dombeya;sp;63;20,06369427;2376;Transect;Dombeya sp;11,05;344,28;0,03;0,48;0,19
T1;Milletia;dura;94;29,93630573;2376;Transect;Milletia dura;14,61;1013,39;0,07;0,49;0,19
T1;Nuxia;congesta;87;27,70700637;2376;Transect;Nuxia congesta;13,91;826,49;0,06;0,68;0,19
T1;Nuxia;congesta;176;56,05095541;2376;Transect;Nuxia congesta;19,61;4768,4;0,25;0,68;0,19
T1;Nuxia;congesta;176;56,05095541;2376;Transect;Nuxia congesta;19,61;4768,4;0,25;0,68;0,19
T1;Pinus;africanus;39;12,42038217;2376;Transect;Pinus africanus;7,26;86,68;0,01;0,44;0,19
T1;Strombosia;grandifolia;38;12,10191083;2376;Transect;Strombosia grandifolia;7,08;80,25;0,01;0,82;0,19
T1;Strombosia;grandifolia;39;12,42038217;2376;Transect;Strombosia grandifolia;7,26;86,68;0,01;0,82;0,19
T1;Strombosia;grandifolia;61;19,42675159;2376;Transect;Strombosia grandifolia;10,78;314,88;0,03;0,82;0,19
T1;Strombosia;goetzeni;87;27,70700637;2376;Transect;Strombosia goetzeni;13,91;826,49;0,06;0,72;0,19
T1;Syzygium;guineense;86;27,38853503;2376;Transect;Syzygium guineense;13,81;801,79;0,06;0,61;0,19
T1;Syzygium;guineense;215;68,47133758;2376;Transect;Syzygium guineense;20,75;7529,47;0,37;0,61;0,19
T1;Alangium;chinense;55;17,51592357;2376;Transect;Alangium chinense;9,91;235,33;0,02;0,4;0,19
T1;Anthocleista;procera;45;14,33121019;2376;Transect;Anthocleista procera;8,31;132,1;0,02;0,54;0,19
T1;Begonia;maculata;46;14,64968153;2376;Transect;Begonia maculata;8,48;140,86;0,02;0,49;0,19
T1;Bridelia;micrantha;63;20,06369427;2376;Transect;Bridelia micrantha;11,05;344,28;0,03;0,51;0,19
T1;Carapa;grandiflora;122;38,85350318;2376;Transect;Carapa grandiflora;16,88;1972,25;0,12;0,55;0,19
T1;Carapa;grandiflora;98;31,21019108;2376;Transect;Carapa grandiflora;14,98;1129,36;0,08;0,55;0,19
T1;Chascalia;cibrocreata;121;38,53503185;2376;Transect;Chascalia cibrocreata;16,81;1932;0,12;0,49;0,19
T1;Cimulaxe;calcia;80;25,47770701;2376;Transect;Cimulaxe calcia;13,16;661,16;0,05;0,49;0,19
T1;Coffea;arabica;87;27,70700637;2376;Transect;Coffea arabica;13,91;826,49;0,06;0,62;0,19
T1;Dalbergia;lactea;76;24,20382166;2376;Transect;Dalbergia lactea;12,7;575,84;0,05;0,79;0,19
T1;Macaranga;kilimandscharica;58;18,47133758;2376;Transect;Macaranga kilimandscharica;10,35;273,32;0,03;0,4;0,19
T1;Neoboutonia;macrocalyx;62;19,74522293;2376;Transect;Neoboutonia macrocalyx;10,92;329,52;0,03;0,33;0,19
T1;Phytolacca;dodecandra;48;15,2866242;2376;Transect;Phytolacca dodecandra;8,81;159,34;0,02;0,26;0,19
T1;Polyscias;fulva;77;24,52229299;2376;Transect;Polyscias fulva;12,82;596,68;0,05;0,24;0,19
T1;Rubus;sp;67;21,33757962;2376;Transect;Rubus sp;11,59;408,42;0,04;0,35;0,19
T1;Syzygium;guineense;124;39,49044586;2376;Transect;Syzygium guineense;17,01;2053,13;0,12;0,61;0,19
T1;Syzygium;guineense;165;52,5477707;2376;Transect;Syzygium guineense;19,19;4101,21;0,22;0,61;0,19
T1;Syzygium;guineense;224;71,33757962;2376;Transect;Syzygium guineense;20,94;8247,88;0,4;0,61;0,19
T1;Syzygium;guineense;115;36,62420382;2376;Transect;Syzygium guineense;16,38;1700,51;0,11;0,61;0,19
T1;Triumfetta;cordifolia;35;11,14649682;2376;Transect;Triumfetta cordifolia;6,52;62,7;0,01;0,49;0,19
T1;Macaranga;neomildbraediana;71;22,61146497;2376;Transect;Macaranga neomildbraediana;12,1;478,82;0,04;0,38;0,19
T1;Macaranga;neomildbraediana;80;25,47770701;2376;Transect;Macaranga neomildbraediana;13,16;661,16;0,05;0,38;0,19
T1;Macaranga;neomildbraediana;190;60,50955414;2376;Transect;Macaranga neomildbraediana;20,08;5690,37;0,29;0,38;0,19
T1;Macaranga;neomildbraediana;80;25,47770701;2376;Transect;Macaranga neomildbraediana;13,16;661,16;0,05;0,38;0,19
T1;Macaranga;neomildbraediana;140;44,58598726;2376;Transect;Macaranga neomildbraediana;17,99;2767,94;0,16;0,38;0,19
T1;Macaranga;neomildbraediana;66;21,01910828;2376;Transect;Macaranga neomildbraediana;11,46;391,87;0,03;0,38;0,19
T1;Macaranga;neomildbraediana;56;17,8343949;2376;Transect;Macaranga neomildbraediana;10,06;247,65;0,02;0,38;0,19
T1;Macaranga;neomildbraediana;36;11,46496815;2376;Transect;Macaranga neomildbraediana;6,71;68,26;0,01;0,38;0,19
T1;Macaranga;neomildbraediana;180;57,32484076;2376;Transect;Macaranga neomildbraediana;19,75;5023,22;0,26;0,38;0,19
T1;Macaranga;neomildbraediana;160;50,95541401;2376;Transect;Macaranga neomildbraediana;18,97;3812,21;0,2;0,38;0,19
T1;Macaranga;neomildbraediana;126;40,12738854;2376;Transect;Macaranga neomildbraediana;17,14;2136,1;0,13;0,38;0,19
T1;Macaranga;neomildbraediana;43;13,69426752;2376;Transect;Macaranga neomildbraediana;7,97;115,68;0,01;0,38;0,19
T1;Macaranga;neomildbraediana;68;21,65605096;2376;Transect;Macaranga neomildbraediana;11,72;425,42;0,04;0,38;0,19
T1;Macaranga;neomildbraediana;58;18,47133758;2376;Transect;Macaranga neomildbraediana;10,35;273,32;0,03;0,38;0,19
T1;Macaranga;neomildbraediana;49;15,60509554;2376;Transect;Macaranga neomildbraediana;8,97;169,07;0,02;0,38;0,19
T1;Macaranga;neomildbraediana;72;22,92993631;2376;Transect;Macaranga neomildbraediana;12,22;497,29;0,04;0,38;0,19
T1;Macaranga;neomildbraediana;74;23,56687898;2376;Transect;Macaranga neomildbraediana;12,47;536,04;0,04;0,38;0,19
T1;Macaranga;neomildbraediana;40;12,7388535;2376;Transect;Macaranga neomildbraediana;7,44;93,45;0,01;0,38;0,19
T1;Macaranga;neomildbraediana;45;14,33121019;2376;Transect;Macaranga neomildbraediana;8,31;132,1;0,02;0,38;0,19
T1;Macaranga;neomildbraediana;189;60,1910828;2376;Transect;Macaranga neomildbraediana;20,05;5622,22;0,28;0,38;0,19
T1;Macaranga;neomildbraediana;44;14,01273885;2376;Transect;Macaranga neomildbraediana;8,14;123,71;0,02;0,38;0,19
T1;Macaranga;neomildbraediana;36;11,46496815;2376;Transect;Macaranga neomildbraediana;6,71;68,26;0,01;0,38;0,19
T1;Macaranga;neomildbraediana;39;12,42038217;2376;Transect;Macaranga neomildbraediana;7,26;86,68;0,01;0,38;0,19
T1;Macaranga;neomildbraediana;90;28,66242038;2376;Transect;Macaranga neomildbraediana;14,22;904,18;0,06;0,38;0,19
T1;Macaranga;neomildbraediana;47;14,96815287;2376;Transect;Macaranga neomildbraediana;8,65;150;0,02;0,38;0,19
T1;Macaranga;neomildbraediana;59;18,78980892;2376;Transect;Macaranga neomildbraediana;10,49;286,65;0,03;0,38;0,19
T1;Macaranga;neomildbraediana;43;13,69426752;2376;Transect;Macaranga neomildbraediana;7,97;115,68;0,01;0,38;0,19
T1;Macaranga;neomildbraediana;57;18,15286624;2376;Transect;Macaranga neomildbraediana;10,2;260,15;0,03;0,38;0,19
T1;Macaranga;neomildbraediana;30;9,554140127;2376;Transect;Macaranga neomildbraediana;5,54;39,14;0,01;0,38;0,19
T1;Macaranga;neomildbraediana;60;19,10828025;2376;Transect;Macaranga neomildbraediana;10,64;300,69;0,03;0,38;0,19
T1;Macaranga;neomildbraediana;71;22,61146497;2376;Transect;Macaranga neomildbraediana;12,1;478,82;0,04;0,38;0,19
T1;Macaranga;neomildbraediana;68;21,65605096;2376;Transect;Macaranga neomildbraediana;11,72;425,42;0,04;0,38;0,19
T1;Macaranga;neomildbraediana;100;31,84713376;2376;Transect;Macaranga neomildbraediana;15,16;1190,06;0,08;0,38;0,19
T1;Macaranga;neomildbraediana;52;16,56050955;2376;Transect;Macaranga neomildbraediana;9,45;200,59;0,02;0,38;0,19
T1;Macaranga;neomildbraediana;76;24,20382166;2376;Transect;Macaranga neomildbraediana;12,7;575,84;0,05;0,38;0,19
T1;Macaranga;neomildbraediana;41;13,05732484;2376;Transect;Macaranga neomildbraediana;7,62;100,55;0,01;0,38;0,19
T1;Macaranga;neomildbraediana;48;15,2866242;2376;Transect;Macaranga neomildbraediana;8,81;159,34;0,02;0,38;0,19
T1;Macaranga;neomildbraediana;56;17,8343949;2376;Transect;Macaranga neomildbraediana;10,06;247,65;0,02;0,38;0,19
T1;Macaranga;neomildbraediana;51;16,24203822;2376;Transect;Macaranga neomildbraediana;9,29;189,68;0,02;0,38;0,19
T1;Macaranga;neomildbraediana;38;12,10191083;2376;Transect;Macaranga neomildbraediana;7,08;80,25;0,01;0,38;0,19
T1;Macaranga;neomildbraediana;101;32,1656051;2376;Transect;Macaranga neomildbraediana;15,25;1221,19;0,08;0,38;0,19
T1;Macaranga;neomildbraediana;51;16,24203822;2376;Transect;Macaranga neomildbraediana;9,29;189,68;0,02;0,38;0,19
T1;Macaranga;neomildbraediana;76;24,20382166;2376;Transect;Macaranga neomildbraediana;12,7;575,84;0,05;0,38;0,19
T1;Macaranga;neomildbraediana;66;21,01910828;2376;Transect;Macaranga neomildbraediana;11,46;391,87;0,03;0,38;0,19
T1;Macaranga;neomildbraediana;50;15,92356688;2376;Transect;Macaranga neomildbraediana;9,13;179,18;0,02;0,38;0,19
T1;Macaranga;neomildbraediana;59;18,78980892;2376;Transect;Macaranga neomildbraediana;10,49;286,65;0,03;0,38;0,19
T1;Macaranga;neomildbraediana;72;22,92993631;2376;Transect;Macaranga neomildbraediana;12,22;497,29;0,04;0,38;0,19
T1;Macaranga;neomildbraediana;71;22,61146497;2376;Transect;Macaranga neomildbraediana;12,1;478,82;0,04;0,38;0,19
T1;Macaranga;neomildbraediana;84;26,75159236;2376;Transect;Macaranga neomildbraediana;13,6;753,3;0,06;0,38;0,19
T2;Macaranga;neomildbraediana;91;28,98089172;2396;Transect;Macaranga neomildbraediana;14,32;930,88;0,07;0,38;0,19
T2;Macaranga;neomildbraediana;82;26,11464968;2396;Transect;Macaranga neomildbraediana;13,38;706,24;0,05;0,38;0,19
T2;Macaranga;neomildbraediana;57;18,15286624;2396;Transect;Macaranga neomildbraediana;10,2;260,15;0,03;0,38;0,19
T2;Macaranga;neomildbraediana;58;18,47133758;2396;Transect;Macaranga neomildbraediana;10,35;273,32;0,03;0,38;0,19
T2;Macaranga;neomildbraediana;82;26,11464968;2396;Transect;Macaranga neomildbraediana;13,38;706,24;0,05;0,38;0,19
T2;Macaranga;neomildbraediana;79;25,15923567;2396;Transect;Macaranga neomildbraediana;13,05;639,34;0,05;0,38;0,19
T2;Macaranga;neomildbraediana;77;24,52229299;2396;Transect;Macaranga neomildbraediana;12,82;596,68;0,05;0,38;0,19
T2;Macaranga;neomildbraediana;58;18,47133758;2396;Transect;Macaranga neomildbraediana;10,35;273,32;0,03;0,38;0,19
T2;Macaranga;neomildbraediana;41;13,05732484;2396;Transect;Macaranga neomildbraediana;7,62;100,55;0,01;0,38;0,19
T2;Strombosia;grandifolia;140;44,58598726;2396;Transect;Strombosia grandifolia;17,99;2767,94;0,16;0,82;0,19
T2;Polyscias;fulva;163;51,91082803;2396;Transect;Polyscias fulva;19,1;3983,62;0,21;0,24;0,19
T2;Strombosia;goetzeni;46;14,64968153;2396;Transect;Strombosia goetzeni;8,48;140,86;0,02;0,72;0,19
T2;Polyscias;fulva;235;74,84076433;2396;Transect;Polyscias fulva;21,16;9173,2;0,44;0,24;0,19
T2;Neoboutonia;macrocalyx;108;34,39490446;2396;Transect;Neoboutonia macrocalyx;15,84;1450,35;0,09;0,33;0,19
T3;Milletia;dura;121;38,53503185;2428;Transect;Milletia dura;11,39;1309,07;0,12;0,49;0,19
T3;Milletia;dura;120;38,21656051;2428;Transect;Milletia dura;11,36;1284,13;0,11;0,49;0,19
T3;Xymalos;monospora;104;33,12101911;2428;Transect;Xymalos monospora;10,9;925,47;0,09;0,49;0,19
T3;Strombosia;goetzeni;107;34,07643312;2428;Transect;Strombosia goetzeni;11;988,62;0,09;0,72;0,19
T3;Strombosia;goetzeni;92;29,29936306;2428;Transect;Strombosia goetzeni;10,47;695,65;0,07;0,72;0,19
T3;Syzygium;guineense;80;25,47770701;2428;Transect;Syzygium guineense;9,94;499,39;0,05;0,61;0,19
T3;Macaranga;neomildbraediana;91;28,98089172;2428;Transect;Macaranga neomildbraediana;10,43;678,01;0,07;0,38;0,19
T3;Carapa;grandiflora;190;60,50955414;2428;Transect;Carapa grandiflora;12,51;3545,15;0,29;0,55;0,19
T3;Muretia;transitoria;94;29,93630573;2428;Transect;Muretia transitoria;10,55;731,78;0,07;0,49;0,19
T3;Carapa;grandiflora;190;60,50955414;2428;Transect;Carapa grandiflora;12,51;3545,15;0,29;0,55;0,19
T3;Muretia;transitoria;63;20,06369427;2428;Transect;Muretia transitoria;8,92;277,92;0,03;0,49;0,19
T3;Strombosia;goetzeni;168;53,50318471;2428;Transect;Strombosia goetzeni;12,25;2714,09;0,22;0,72;0,19
T3;Strombosia;goetzeni;140;44,58598726;2428;Transect;Strombosia goetzeni;11,8;1815,55;0,16;0,72;0,19
T3;Syzygium;guineense;91;28,98089172;2428;Transect;Syzygium guineense;10,43;678,01;0,07;0,61;0,19
T3;Syzygium;guineense;100;31,84713376;2428;Transect;Syzygium guineense;10,77;845,44;0,08;0,61;0,19
T3;Strombosia;goetzeni;46;14,64968153;2428;Transect;Strombosia goetzeni;7,37;122,42;0,02;0,72;0,19
T3;Milletia;dura;115;36,62420382;2428;Transect;Milletia dura;11,23;1165,86;0,11;0,49;0,19
T3;Neoboutonia;macrocalyx;108;34,39490446;2428;Transect;Neoboutonia macrocalyx;11,03;1009,93;0,09;0,33;0,19
T3;Dombeya;sp;63;20,06369427;2428;Transect;Dombeya sp;8,92;277,92;0,03;0,48;0,19
T3;Carapa;grandiflora;112;35,66878981;2428;Transect;Carapa grandiflora;11,15;1097,94;0,1;0,55;0,19
T3;Strombosia;goetzeni;38;12,10191083;2428;Transect;Strombosia goetzeni;6,31;71,53;0,01;0,72;0,19
T3;Strombosia;goetzeni;37;11,78343949;2428;Transect;Strombosia goetzeni;6,16;66,2;0,01;0,72;0,19
T3;Milletia;dura;98;31,21019108;2428;Transect;Milletia dura;10,7;806,69;0,08;0,49;0,19
T3;Nuxia;congesta;39;12,42038217;2428;Transect;Nuxia congesta;6,46;77,13;0,01;0,68;0,19
T3;Syzygium;guineense;86;27,38853503;2428;Transect;Syzygium guineense;10,22;593,36;0,06;0,61;0,19
T3;Prunus;cerasifera;190;60,50955414;2428;Transect;Prunus cerasifera;12,51;3545,15;0,29;0,59;0,19
T3;Syzygium;guineense;190;60,50955414;2428;Transect;Syzygium guineense;12,51;3545,15;0,29;0,61;0,19
T3;Syzygium;guineense;210;66,87898089;2428;Transect;Syzygium guineense;12,7;4396,55;0,35;0,61;0,19
T3;Syzygium;guineense;165;52,5477707;2428;Transect;Syzygium guineense;12,21;2609,48;0,22;0,61;0,19
T3;Syzygium;guineense;224;71,33757962;2428;Transect;Syzygium guineense;12,81;5045,62;0,4;0,61;0,19
T3;Carapa;grandiflora;115;36,62420382;2428;Transect;Carapa grandiflora;11,23;1165,86;0,11;0,55;0,19
T3;Carapa;grandiflora;122;38,85350318;2428;Transect;Carapa grandiflora;11,41;1333,14;0,12;0,55;0,19
T4;Macaranga;neomildbraediana;53;16,87898089;2507;Transect;Macaranga neomildbraediana;8,09;178,39;0,02;0,38;0,19
T4;Macaranga;neomildbraediana;74;23,56687898;2507;Transect;Macaranga neomildbraediana;9,62;413,53;0,04;0,38;0,19
T4;Macaranga;neomildbraediana;72;22,92993631;2507;Transect;Macaranga neomildbraediana;9,5;386,6;0,04;0,38;0,19
T4;Macaranga;neomildbraediana;80;25,47770701;2507;Transect;Macaranga neomildbraediana;9,94;499,39;0,05;0,38;0,19
T4;Macaranga;neomildbraediana;68;21,65605096;2507;Transect;Macaranga neomildbraediana;9,26;336,12;0,04;0,38;0,19
T4;Macaranga;neomildbraediana;54;17,19745223;2507;Transect;Macaranga neomildbraediana;8,19;187,47;0,02;0,38;0,19
T4;Macaranga;neomildbraediana;135;42,99363057;2507;Transect;Macaranga neomildbraediana;11,71;1675,31;0,15;0,38;0,19
T4;Macaranga;neomildbraediana;93;29,61783439;2507;Transect;Macaranga neomildbraediana;10,51;713,57;0,07;0,38;0,19
T4;Syzygium;guineense;124;39,49044586;2507;Transect;Syzygium guineense;11,46;1383,24;0,12;0,61;0,19
T4;Syzygium;guineense;165;52,5477707;2507;Transect;Syzygium guineense;12,21;2609,48;0,22;0,61;0,19
T4;Syzygium;guineense;224;71,33757962;2507;Transect;Syzygium guineense;12,81;5045,62;0,4;0,61;0,19
T4;Syzygium;guineense;115;36,62420382;2507;Transect;Syzygium guineense;11,23;1165,86;0,11;0,61;0,19
T4;Carapa;grandiflora;122;38,85350318;2507;Transect;Carapa grandiflora;11,41;1333,14;0,12;0,55;0,19
T4;Carapa;grandiflora;98;31,21019108;2507;Transect;Carapa grandiflora;10,7;806,69;0,08;0,55;0,19
T4;Tacazzea;africana;67;21,33757962;2507;Transect;Tacazzea africana;9,19;323,84;0,04;0,49;0,19
T4;Anthocleista;procera;45;14,33121019;2507;Transect;Anthocleista procera;7,25;115,25;0,02;0,54;0,19
T4;Begonia;maculata;85;27,07006369;2507;Transect;Begonia maculata;10,17;576,8;0,06;0,49;0,19
T4;Macaranga;monospora;76;24,20382166;2507;Transect;Macaranga monospora;9,73;441,17;0,05;0,38;0,19
T4;Dalbergia;lactea;98;31,21019108;2507;Transect;Dalbergia lactea;10,7;806,69;0,08;0,79;0,19
T4;Bridelia;micrantha;103;32,80254777;2507;Transect;Bridelia micrantha;10,87;905,26;0,08;0,51;0,19
T4;Phytolacca;dodecandra;105;33,43949045;2507;Transect;Phytolacca dodecandra;10,94;946,82;0,09;0,26;0,19
T4;Rubus;steudneri;110;35,03184713;2507;Transect;Rubus steudneri;11,09;1053,38;0,1;0,35;0,19
T4;Alangium;chinense;55;17,51592357;2507;Transect;Alangium chinense;8,28;196,62;0,02;0,4;0,19
T4;Polyscias;fulva;77;24,52229299;2507;Transect;Polyscias fulva;9,78;455,19;0,05;0,24;0,19
T5;Macaranga;neomildbraediana;78;24,84076433;2547;Transect;Macaranga neomildbraediana;9,83;469,47;0,05;0,38;0,19
T5;Macaranga;neomildbraediana;81;25,79617834;2547;Transect;Macaranga neomildbraediana;9,99;514,52;0,05;0,38;0,19
T5;Macaranga;neomildbraediana;59;18,78980892;2547;Transect;Macaranga neomildbraediana;8,61;235,28;0,03;0,38;0,19
T5;Macaranga;neomildbraediana;54;17,19745223;2547;Transect;Macaranga neomildbraediana;8,19;187,47;0,02;0,38;0,19
T5;Macaranga;neomildbraediana;56;17,8343949;2547;Transect;Macaranga neomildbraediana;8,36;205,8;0,02;0,38;0,19
T5;Macaranga;neomildbraediana;51;16,24203822;2547;Transect;Macaranga neomildbraediana;7,9;161,3;0,02;0,38;0,19
T5;Macaranga;neomildbraediana;76;24,20382166;2547;Transect;Macaranga neomildbraediana;9,73;441,17;0,05;0,38;0,19
T5;Macaranga;neomildbraediana;52;16,56050955;2547;Transect;Macaranga neomildbraediana;8;169,81;0,02;0,38;0,19
T5;Macaranga;neomildbraediana;45;14,33121019;2547;Transect;Macaranga neomildbraediana;7,25;115,25;0,02;0,38;0,19
T5;Maessa;lanceolata;90;28,66242038;2547;Transect;Maessa lanceolata;10,39;660,65;0,06;0,49;0,19
T5;Nuxia;congesta;182;57,96178344;2547;Transect;Nuxia congesta;12,43;3232,09;0,26;0,68;0,19
T5;Nuxia;congesta;128,5;40,92356688;2547;Transect;Nuxia congesta;11,57;1499,72;0,13;0,68;0,19
T5;Nuxia;congesta;112;35,66878981;2547;Transect;Nuxia congesta;11,15;1097,94;0,1;0,68;0,19
T5;Nuxia;congesta;90;28,66242038;2547;Transect;Nuxia congesta;10,39;660,65;0,06;0,68;0,19
T5;Nuxia;congesta;62;19,74522293;2547;Transect;Nuxia congesta;8,84;266,75;0,03;0,68;0,19
T5;Nuxia;congesta;94;29,93630573;2547;Transect;Nuxia congesta;10,55;731,78;0,07;0,68;0,19
T5;Nuxia;congesta;37;11,78343949;2547;Transect;Nuxia congesta;6,16;66,2;0,01;0,68;0,19
T5;Nuxia;congesta;170;54,14012739;2547;Transect;Nuxia congesta;12,28;2785,9;0,23;0,68;0,19
T5;Polyscias;fulva;205;65,2866242;2547;Transect;Polyscias fulva;12,66;4176,49;0,33;0,24;0,19
T5;Polyscias;fulva;186;59,23566879;2547;Transect;Polyscias fulva;12,47;3386,59;0,28;0,24;0,19
T5;Polyscias;fulva;208;66,24203822;2547;Transect;Polyscias fulva;12,68;4306,41;0,34;0,24;0,19
T5;Polyscias;fulva;243;77,38853503;2547;Transect;Polyscias fulva;12,93;5993,5;0,47;0,24;0,19
T5;Polyscias;fulva;220;70,06369427;2547;Transect;Polyscias fulva;12,78;4855,63;0,39;0,24;0,19
T5;Polyscias;fulva;275;87,57961783;2547;Transect;Polyscias fulva;13,08;7765,02;0,6;0,24;0,19
T5;Xymalos;monospora;33;10,50955414;2547;Transect;Xymalos monospora;5,48;46,85;0,01;0,49;0,19
T5;Xymalos;monospora;85;27,07006369;2547;Transect;Xymalos monospora;10,17;576,8;0,06;0,49;0,19
T5;Polyscias;fulva;46;14,64968153;2547;Transect;Polyscias fulva;7,37;122,42;0,02;0,24;0,19
T5;Polyscias;fulva;32;10,1910828;2547;Transect;Polyscias fulva;5,29;42,52;0,01;0,24;0,19
T5;Polyscias;fulva;60;19,10828025;2547;Transect;Polyscias fulva;8,69;245,58;0,03;0,24;0,19
T5;Polyscias;fulva;63;20,06369427;2547;Transect;Polyscias fulva;8,92;277,92;0,03;0,24;0,19
T5;Polyscias;fulva;41;13,05732484;2547;Transect;Polyscias fulva;6,74;88,94;0,01;0,24;0,19
T5;Polyscias;fulva;46;14,64968153;2547;Transect;Polyscias fulva;7,37;122,42;0,02;0,24;0,19
T5;Polyscias;fulva;42;13,37579618;2547;Transect;Polyscias fulva;6,88;95,27;0,01;0,24;0,19
T6;Polyscias;fulva;75;23,88535032;2588;Transect;Polyscias fulva;9,67;426,99;0,04;0,24;0,19
T6;Macaranga;neomildbraediana;37;11,78343949;2588;Transect;Macaranga neomildbraediana;6,16;66,2;0,01;0,38;0,19
T6;Nuxia;congesta;80;25,47770701;2588;Transect;Nuxia congesta;9,94;499,39;0,05;0,68;0,19
T6;Nuxia;congesta;65;20,70063694;2588;Transect;Nuxia congesta;9,06;300,49;0,03;0,68;0,19
T6;Nuxia;congesta;100;31,84713376;2588;Transect;Nuxia congesta;10,77;845,44;0,08;0,68;0,19
T6;Polyscias;fulva;41;13,05732484;2588;Transect;Polyscias fulva;6,74;88,94;0,01;0,24;0,19
T6;Polyscias;fulva;55;17,51592357;2588;Transect;Polyscias fulva;8,28;196,62;0,02;0,24;0,19
T6;Polyscias;fulva;53;16,87898089;2588;Transect;Polyscias fulva;8,09;178,39;0,02;0,24;0,19
T6;Polyscias;fulva;39;12,42038217;2588;Transect;Polyscias fulva;6,46;77,13;0,01;0,24;0,19
T6;Polyscias;fulva;35;11,14649682;2588;Transect;Polyscias fulva;5,83;56,06;0,01;0,24;0,19
T6;Polyscias;fulva;50;15,92356688;2588;Transect;Polyscias fulva;7,8;153,08;0,02;0,24;0,19
T6;Polyscias;fulva;41;13,05732484;2588;Transect;Polyscias fulva;6,74;88,94;0,01;0,24;0,19
T6;Polyscias;fulva;40;12,7388535;2588;Transect;Polyscias fulva;6,61;83,02;0,01;0,24;0,19
T6;Polyscias;fulva;35;11,14649682;2588;Transect;Polyscias fulva;5,83;56,06;0,01;0,24;0,19
T6;Rapanea;Punctata;50;15,92356688;2588;Transect;Rapanea Punctata;7,8;153,08;0,02;0,65;0,19
T6;Rapanea;Punctata;37;11,78343949;2588;Transect;Rapanea Punctata;6,16;66,2;0,01;0,65;0,19
T6;Rapanea;Punctata;44;14,01273885;2588;Transect;Rapanea Punctata;7,13;108,36;0,02;0,65;0,19
T6;Rapanea;Punctata;67;21,33757962;2588;Transect;Rapanea Punctata;9,19;323,84;0,04;0,65;0,19
T6;Rapanea;Punctata;80;25,47770701;2588;Transect;Rapanea Punctata;9,94;499,39;0,05;0,65;0,19
T6;Rapanea;Punctata;68;21,65605096;2588;Transect;Rapanea Punctata;9,26;336,12;0,04;0,65;0,19
T6;Agauria;salicifolia;186;59,23566879;2588;Transect;Agauria salicifolia;12,47;3386,59;0,28;0,49;0,19
T6;Agauria;salicifolia;115;36,62420382;2588;Transect;Agauria salicifolia;11,23;1165,86;0,11;0,49;0,19
T6;Agauria;salicifolia;91;28,98089172;2588;Transect;Agauria salicifolia;10,43;678,01;0,07;0,49;0,19
T6;Galignera;Conyzoides;54;17,19745223;2588;Transect;Galignera Conyzoides;8,19;187,47;0,02;0,49;0,19
T6;Macaranga;neomildbraediana;85;27,07006369;2588;Transect;Macaranga neomildbraediana;10,17;576,8;0,06;0,38;0,19
T6;Macaranga;neomildbraediana;60;19,10828025;2588;Transect;Macaranga neomildbraediana;8,69;245,58;0,03;0,38;0,19
T6;Macaranga;neomildbraediana;79;25,15923567;2588;Transect;Macaranga neomildbraediana;9,89;484,53;0,05;0,38;0,19
T6;Macaranga;neomildbraediana;60;19,10828025;2588;Transect;Macaranga neomildbraediana;8,69;245,58;0,03;0,38;0,19
T6;Macaranga;neomildbraediana;56;17,8343949;2588;Transect;Macaranga neomildbraediana;8,36;205,8;0,02;0,38;0,19
T6;Macaranga;neomildbraediana;69;21,97452229;2588;Transect;Macaranga neomildbraediana;9,32;348,32;0,04;0,38;0,19
T6;Macaranga;neomildbraediana;71;22,61146497;2588;Transect;Macaranga neomildbraediana;9,44;373,56;0,04;0,38;0,19
T6;Macaranga;neomildbraediana;100;31,84713376;2588;Transect;Macaranga neomildbraediana;10,77;845,44;0,08;0,38;0,19
T6;Macaranga;neomildbraediana;34;10,82802548;2588;Transect;Macaranga neomildbraediana;5,66;51,36;0,01;0,38;0,19
T6;Macaranga;neomildbraediana;54;17,19745223;2588;Transect;Macaranga neomildbraediana;8,19;187,47;0,02;0,38;0,19
T6;Macaranga;neomildbraediana;60;19,10828025;2588;Transect;Macaranga neomildbraediana;8,69;245,58;0,03;0,38;0,19
T6;Macaranga;neomildbraediana;120;38,21656051;2588;Transect;Macaranga neomildbraediana;11,36;1284,13;0,11;0,38;0,19
T6;Macaranga;neomildbraediana;49;15,60509554;2588;Transect;Macaranga neomildbraediana;7,7;145,13;0,02;0,38;0,19
T6;Macaranga;neomildbraediana;52;16,56050955;2588;Transect;Macaranga neomildbraediana;8;169,81;0,02;0,38;0,19
T6;Macaranga;neomildbraediana;106;33,75796178;2588;Transect;Macaranga neomildbraediana;10,97;967,58;0,09;0,38;0,19
T6;Macaranga;neomildbraediana;75;23,88535032;2588;Transect;Macaranga neomildbraediana;9,67;426,99;0,04;0,38;0,19
T6;Macaranga;neomildbraediana;36;11,46496815;2588;Transect;Macaranga neomildbraediana;6;61,04;0,01;0,38;0,19
T6;Macaranga;neomildbraediana;41;13,05732484;2588;Transect;Macaranga neomildbraediana;6,74;88,94;0,01;0,38;0,19
T6;Macaranga;neomildbraediana;45,5;14,49044586;2588;Transect;Macaranga neomildbraediana;7,31;118,8;0,02;0,38;0,19
T6;Macaranga;neomildbraediana;58;18,47133758;2588;Transect;Macaranga neomildbraediana;8,53;225,26;0,03;0,38;0,19
T6;Macaranga;neomildbraediana;78,5;25;2588;Transect;Macaranga neomildbraediana;9,86;476,96;0,05;0,38;0,19
T6;Macaranga;neomildbraediana;80;25,47770701;2588;Transect;Macaranga neomildbraediana;9,94;499,39;0,05;0,38;0,19
T6;Macaranga;neomildbraediana;41;13,05732484;2588;Transect;Macaranga neomildbraediana;6,74;88,94;0,01;0,38;0,19
T6;Macaranga;neomildbraediana;99;31,52866242;2588;Transect;Macaranga neomildbraediana;10,73;825,54;0,08;0,38;0,19
T6;Macaranga;neomildbraediana;42;13,37579618;2588;Transect;Macaranga neomildbraediana;6,88;95,27;0,01;0,38;0,19
T6;Macaranga;neomildbraediana;89;28,34394904;2588;Transect;Macaranga neomildbraediana;10,35;643,56;0,06;0,38;0,19
T6;Macaranga;neomildbraediana;80;25,47770701;2588;Transect;Macaranga neomildbraediana;9,94;499,39;0,05;0,38;0,19
T6;Macaranga;neomildbraediana;92;29,29936306;2588;Transect;Macaranga neomildbraediana;10,47;695,65;0,07;0,38;0,19
T6;Macaranga;neomildbraediana;55;17,51592357;2588;Transect;Macaranga neomildbraediana;8,28;196,62;0,02;0,38;0,19
T6;Macaranga;neomildbraediana;86;27,38853503;2588;Transect;Macaranga neomildbraediana;10,22;593,36;0,06;0,38;0,19
T6;Macaranga;neomildbraediana;94;29,93630573;2588;Transect;Macaranga neomildbraediana;10,55;731,78;0,07;0,38;0,19
T6;Macaranga;neomildbraediana;65;20,70063694;2588;Transect;Macaranga neomildbraediana;9,06;300,49;0,03;0,38;0,19
T6;Macaranga;neomildbraediana;34;10,82802548;2588;Transect;Macaranga neomildbraediana;5,66;51,36;0,01;0,38;0,19
T6;Nuxia;congesta;91;28,98089172;2588;Transect;Nuxia congesta;10,43;678,01;0,07;0,68;0,19
T6;Nuxia;congesta;71;22,61146497;2588;Transect;Nuxia congesta;9,44;373,56;0,04;0,68;0,19
T6;Nuxia;congesta;80;25,47770701;2588;Transect;Nuxia congesta;9,94;499,39;0,05;0,68;0,19
T6;Nuxia;congesta;88;28,02547771;2588;Transect;Nuxia congesta;10,31;626,75;0,06;0,68;0,19
T6;Nuxia;congesta;81;25,79617834;2588;Transect;Nuxia congesta;9,99;514,52;0,05;0,68;0,19
T6;Podocarpus;Macrophyllus;100;31,84713376;2588;Transect;Podocarpus Macrophyllus;10,77;845,44;0,08;0,48;0,19
T6;Podocarpus;Macrophyllus;33;10,50955414;2588;Transect;Podocarpus Macrophyllus;5,48;46,85;0,01;0,48;0,19
T6;Podocarpus;Macrophyllus;53;16,87898089;2588;Transect;Podocarpus Macrophyllus;8,09;178,39;0,02;0,48;0,19
T6;Podocarpus;Macrophyllus;80;25,47770701;2588;Transect;Podocarpus Macrophyllus;9,94;499,39;0,05;0,48;0,19
T6;Podocarpus;Macrophyllus;66;21,01910828;2588;Transect;Podocarpus Macrophyllus;9,12;311,85;0,03;0,48;0,19
T6;Podocarpus;Macrophyllus;80;25,47770701;2588;Transect;Podocarpus Macrophyllus;9,94;499,39;0,05;0,48;0,19
T6;Podocarpus;Macrophyllus;81;25,79617834;2588;Transect;Podocarpus Macrophyllus;9,99;514,52;0,05;0,48;0,19
T6;Podocarpus;Macrophyllus;66;21,01910828;2588;Transect;Podocarpus Macrophyllus;9,12;311,85;0,03;0,48;0,19
T6;Podocarpus;Macrophyllus;89;28,34394904;2588;Transect;Podocarpus Macrophyllus;10,35;643,56;0,06;0,48;0,19
T6;Podocarpus;Macrophyllus;32;10,1910828;2588;Transect;Podocarpus Macrophyllus;5,29;42,52;0,01;0,48;0,19
T6;Psycothria;Elata;31;9,872611465;2588;Transect;Psycothria Elata;5,1;38,47;0,01;0,49;0,19
T6;Rapanea;Punctata;54;17,19745223;2588;Transect;Rapanea Punctata;8,19;187,47;0,02;0,65;0,19
T6;Rapanea;Punctata;83;26,43312102;2588;Transect;Rapanea Punctata;10,08;545,11;0,05;0,65;0,19
T6;Rapanea;Punctata;33;10,50955414;2588;Transect;Rapanea Punctata;5,48;46,85;0,01;0,65;0,19
T6;Rapanea;Punctata;76;24,20382166;2588;Transect;Rapanea Punctata;9,73;441,17;0,05;0,65;0,19
T6;Rapanea;Punctata;68;21,65605096;2588;Transect;Rapanea Punctata;9,26;336,12;0,04;0,65;0,19
T6;Rapanea;Punctata;76;24,20382166;2588;Transect;Rapanea Punctata;9,73;441,17;0,05;0,65;0,19
T6;Rapanea;Punctata;107;34,07643312;2588;Transect;Rapanea Punctata;11;988,62;0,09;0,65;0,19
T6;Rapanea;Punctata;43;13,69426752;2588;Transect;Rapanea Punctata;7,01;101,75;0,01;0,65;0,19
T6;Rapanea;Punctata;32;10,1910828;2588;Transect;Rapanea Punctata;5,29;42,52;0,01;0,65;0,19
T6;Rapanea;Punctata;47;14,96815287;2588;Transect;Rapanea Punctata;7,48;129,71;0,02;0,65;0,19
T6;Xymalos;monospora;48;15,2866242;2588;Transect;Xymalos monospora;7,59;137,28;0,02;0,49;0,19
T6;Xymalos;monospora;51;16,24203822;2588;Transect;Xymalos monospora;7,9;161,3;0,02;0,49;0,19
T6;Xymalos;monospora;83;26,43312102;2588;Transect;Xymalos monospora;10,08;545,11;0,05;0,49;0,19
T6;Xymalos;monospora;42;13,37579618;2588;Transect;Xymalos monospora;6,88;95,27;0,01;0,49;0,19
